driverId,avg_gain,gain_pct,volatility,p10_gain,p90_gain,avg_qual,avg_finish,gain_per_qual_rank,race_count,year,cluster,cluster_name
14,-2.75,0.375,5.496752287877426,-9.2,2.3,5.625,8.375,-0.4888888888888889,8,1994,1,Volatile Drivers
22,-2.7333333333333334,0.4666666666666667,8.924017886473292,-13.6,7.999999999999998,9.333333333333334,12.066666666666666,-0.29285714285714287,15,1994,1,Volatile Drivers
30,-3.769230769230769,0.3076923076923077,6.869665762779706,-14.399999999999999,1.0,1.8461538461538463,5.615384615384615,-2.0416666666666665,13,1994,1,Volatile Drivers
44,5.133333333333334,0.8,6.057659456856096,-3.1999999999999997,11.2,15.133333333333333,10.0,0.3392070484581498,15,1994,2,Underperformers
49,-5.266666666666667,0.26666666666666666,8.08408194864333,-15.0,6.0,8.733333333333333,14.0,-0.6030534351145038,15,1994,1,Volatile Drivers
50,-3.1,0.5,8.887569346502389,-14.1,5.399999999999999,10.6,13.7,-0.29245283018867924,10,1994,1,Volatile Drivers
55,-5.461538461538462,0.38461538461538464,9.752054352933236,-20.0,3.6000000000000014,5.846153846153846,11.307692307692308,-0.9342105263157896,13,1994,1,Volatile Drivers
56,-6.6923076923076925,0.38461538461538464,9.902732075750741,-18.0,6.0,9.23076923076923,15.923076923076923,-0.7250000000000001,13,1994,1,Volatile Drivers
57,-3.357142857142857,0.5,7.840792177964033,-12.1,5.700000000000001,6.571428571428571,9.928571428571429,-0.5108695652173914,14,1994,1,Volatile Drivers
65,2.533333333333333,0.6666666666666666,12.176480060619598,-18.2,13.2,16.333333333333332,13.8,0.15510204081632653,15,1994,0,Consistent Climbers
70,1.2,0.5,8.011103405759894,-5.7,9.499999999999998,19.6,18.4,0.06122448979591836,10,1994,0,Consistent Climbers
71,-1.8666666666666667,0.4666666666666667,5.841558826529912,-10.999999999999998,2.0,2.6,4.466666666666667,-0.717948717948718,15,1994,1,Volatile Drivers
77,-6.0,0.26666666666666666,9.211793682944862,-17.2,2.5999999999999996,6.0,12.0,-1.0,15,1994,1,Volatile Drivers
79,-4.8,0.4666666666666667,8.7765922446341,-16.599999999999998,4.6,11.266666666666667,16.066666666666666,-0.42603550295857984,15,1994,1,Volatile Drivers
81,-2.3333333333333335,0.3333333333333333,7.2571803523590805,-8.6,7.6,14.466666666666667,16.8,-0.16129032258064516,15,1994,0,Consistent Climbers
84,-2.8666666666666667,0.4666666666666667,7.77235638719197,-12.799999999999999,5.6,11.0,13.866666666666667,-0.2606060606060606,15,1994,1,Volatile Drivers
87,-0.4,0.5333333333333333,7.079144419651693,-9.6,7.0,12.733333333333333,13.133333333333333,-0.03141361256544503,15,1994,0,Consistent Climbers
94,3.3333333333333335,0.7333333333333333,5.340768626687503,-3.5999999999999996,10.2,16.066666666666666,12.733333333333333,0.2074688796680498,15,1994,2,Underperformers
100,4.714285714285714,0.5714285714285714,7.897697536220692,-4.4,15.100000000000003,20.142857142857142,15.428571428571429,0.23404255319148937,14,1994,2,Underperformers
101,8.733333333333333,1.0,4.963677592077797,2.0,14.6,24.333333333333332,15.6,0.35890410958904106,15,1994,2,Underperformers
103,7.076923076923077,0.9230769230769231,4.071476768559914,3.2,11.0,18.46153846153846,11.384615384615385,0.38333333333333336,13,1994,2,Underperformers
104,5.466666666666667,0.8666666666666667,5.475486497193868,0.8000000000000003,11.0,16.933333333333334,11.466666666666667,0.3228346456692913,15,1994,2,Underperformers
105,2.1333333333333333,0.5333333333333333,5.755328793718872,-3.5999999999999996,8.2,18.733333333333334,16.6,0.11387900355871886,15,1994,2,Underperformers
106,5.0,0.6666666666666666,8.514693182963201,-3.3999999999999995,16.2,22.666666666666668,17.666666666666668,0.22058823529411764,9,1994,2,Underperformers
109,-1.4285714285714286,0.42857142857142855,12.259107401671391,-13.6,12.200000000000001,13.571428571428571,15.0,-0.10526315789473685,7,1994,1,Volatile Drivers
110,-3.0,0.2,5.617433182117573,-10.1,5.199999999999999,15.7,18.7,-0.1910828025477707,10,1994,0,Consistent Climbers
111,11.0,1.0,5.507570547286102,4.2,17.0,25.714285714285715,14.714285714285714,0.42777777777777776,7,1994,2,Underperformers
14,-7.705882352941177,0.11764705882352941,8.586069428748763,-18.4,0.40000000000000036,2.6470588235294117,10.352941176470589,-2.9111111111111114,17,1995,1,Volatile Drivers
22,-2.588235294117647,0.29411764705882354,6.315247654777797,-10.0,7.0,9.529411764705882,12.117647058823529,-0.271604938271605,17,1995,0,Consistent Climbers
30,-3.0,0.47058823529411764,8.923284148787374,-12.8,2.0,2.9411764705882355,5.9411764705882355,-1.02,17,1995,1,Volatile Drivers
44,0.8823529411764706,0.5294117647058824,7.598374439157829,-8.8,9.4,11.647058823529411,10.764705882352942,0.07575757575757576,17,1995,0,Consistent Climbers
49,0.9411764705882353,0.5882352941176471,6.368580966699864,-7.6,7.4,10.352941176470589,9.411764705882353,0.0909090909090909,17,1995,0,Consistent Climbers
50,-1.0,0.4,4.898979485566356,-5.8,4.0,18.8,19.8,-0.05319148936170213,5,1995,0,Consistent Climbers
55,-4.9411764705882355,0.4117647058823529,8.706826260435646,-16.4,4.0,5.0588235294117645,10.0,-0.9767441860465117,17,1995,1,Volatile Drivers
56,-4.705882352941177,0.23529411764705882,7.077823693431061,-15.2,2.4000000000000004,7.588235294117647,12.294117647058824,-0.6201550387596899,17,1995,1,Volatile Drivers
57,-6.875,0.375,9.193294657883357,-18.5,2.0,7.9375,14.8125,-0.8661417322834646,16,1995,1,Volatile Drivers
63,3.1176470588235294,0.7647058823529411,6.584853386192213,-6.6,9.8,14.352941176470589,11.235294117647058,0.21721311475409835,17,1995,2,Underperformers
64,7.176470588235294,0.8235294117647058,5.9501606503275095,-0.3999999999999999,14.4,22.88235294117647,15.705882352941176,0.31362467866323906,17,1995,2,Underperformers
65,-0.058823529411764705,0.6470588235294118,7.2151800760210945,-11.8,6.4,7.352941176470588,7.411764705882353,-0.008,17,1995,0,Consistent Climbers
69,2.9411764705882355,0.8235294117647058,5.9631219616415505,-4.3999999999999995,8.4,17.176470588235293,14.235294117647058,0.17123287671232879,17,1995,2,Underperformers
71,-5.352941176470588,0.23529411764705882,7.968227347335387,-14.4,1.8000000000000007,2.4705882352941178,7.823529411764706,-2.1666666666666665,17,1995,1,Volatile Drivers
77,-5.0588235294117645,0.35294117647058826,7.039802804724844,-15.4,1.4000000000000004,4.176470588235294,9.235294117647058,-1.2112676056338028,17,1995,1,Volatile Drivers
79,-0.3125,0.375,5.873315361304323,-6.5,7.0,15.6875,16.0,-0.0199203187250996,16,1995,0,Consistent Climbers
81,1.5,0.6,5.126185499743233,-3.5,7.299999999999999,13.9,12.4,0.1079136690647482,10,1995,2,Underperformers
83,3.75,0.75,5.52268050859363,-3.5999999999999996,8.2,16.5,12.75,0.22727272727272727,8,1995,2,Underperformers
84,-0.9090909090909091,0.5454545454545454,6.847693705979341,-9.0,5.0,10.636363636363637,11.545454545454545,-0.08547008547008546,11,1995,0,Consistent Climbers
85,3.5294117647058822,0.6470588235294118,5.026400887548958,-0.7999999999999998,11.200000000000001,22.058823529411764,18.529411764705884,0.16,17,1995,2,Underperformers
87,1.0666666666666667,0.6666666666666666,6.9843362162021085,-6.8,5.6,11.4,10.333333333333334,0.0935672514619883,15,1995,0,Consistent Climbers
88,1.6666666666666667,0.6666666666666666,9.373722135132162,-10.0,9.5,15.666666666666666,14.0,0.10638297872340427,6,1995,0,Consistent Climbers
89,2.764705882352941,0.47058823529411764,6.179901008154438,-3.4,10.8,20.11764705882353,17.352941176470587,0.13742690058479531,17,1995,2,Underperformers
90,5.529411764705882,0.8235294117647058,4.3028718180249035,-0.3999999999999999,9.4,22.764705882352942,17.235294117647058,0.2428940568475452,17,1995,2,Underperformers
91,2.3333333333333335,0.6666666666666666,4.676180777800049,-3.5,6.5,19.166666666666668,16.833333333333332,0.12173913043478261,6,1995,2,Underperformers
92,4.2727272727272725,0.8181818181818182,4.474168282282397,0.0,9.0,22.09090909090909,17.818181818181817,0.1934156378600823,11,1995,2,Underperformers
93,3.8,0.8,6.300793600809346,-2.4,9.4,22.2,18.4,0.17117117117117117,5,1995,2,Underperformers
94,3.2222222222222223,0.7777777777777778,5.7397251192408545,-1.7999999999999998,8.600000000000001,17.77777777777778,14.555555555555555,0.18125,9,1995,2,Underperformers
96,2.8181818181818183,0.6363636363636364,6.508735388970454,-5.0,9.0,15.545454545454545,12.727272727272727,0.18128654970760236,11,1995,2,Underperformers
97,0.42857142857142855,0.5714285714285714,5.623081683476385,-6.0,6.200000000000001,17.714285714285715,17.285714285714285,0.02419354838709677,7,1995,0,Consistent Climbers
14,-1.4285714285714286,0.42857142857142855,4.720774754816659,-6.3999999999999995,3.0,9.285714285714286,10.714285714285714,-0.15384615384615383,7,1996,0,Consistent Climbers
21,1.4,0.6,2.6076809620810595,-1.2,3.8000000000000003,18.0,16.6,0.07777777777777778,5,1996,2,Underperformers
22,-3.5714285714285716,0.2857142857142857,6.399404734221845,-11.4,2.8000000000000007,6.142857142857143,9.714285714285714,-0.5813953488372093,7,1996,1,Volatile Drivers
30,-4.571428571428571,0.42857142857142855,7.04407890494191,-12.399999999999999,1.4000000000000004,2.5714285714285716,7.142857142857143,-1.7777777777777775,7,1996,1,Volatile Drivers
35,-2.857142857142857,0.42857142857142855,5.9281411203561225,-10.399999999999999,1.4000000000000004,3.4285714285714284,6.285714285714286,-0.8333333333333334,7,1996,1,Volatile Drivers
44,2.857142857142857,0.7142857142857143,7.057586259446201,-5.0,10.600000000000001,12.571428571428571,9.714285714285714,0.2272727272727273,7,1996,2,Underperformers
49,-1.7142857142857142,0.42857142857142855,5.992058236095666,-6.8,5.800000000000001,9.857142857142858,11.571428571428571,-0.17391304347826086,7,1996,0,Consistent Climbers
50,-3.0,0.2857142857142857,5.228129047119374,-8.4,3.0000000000000018,12.0,15.0,-0.25,7,1996,0,Consistent Climbers
55,-4.142857142857143,0.42857142857142855,7.4258236676383005,-13.6,2.4000000000000004,4.428571428571429,8.571428571428571,-0.935483870967742,7,1996,1,Volatile Drivers
56,-1.5714285714285714,0.42857142857142855,6.399404734221844,-10.2,3.8000000000000007,7.0,8.571428571428571,-0.22448979591836735,7,1996,0,Consistent Climbers
57,0.0,0.7142857142857143,6.377042156569663,-5.599999999999998,3.8000000000000007,8.285714285714286,8.285714285714286,0.0,7,1996,0,Consistent Climbers
63,0.7142857142857143,0.5714285714285714,6.550172662209898,-5.199999999999999,6.0,11.714285714285714,11.0,0.06097560975609757,7,1996,0,Consistent Climbers
64,7.857142857142857,0.8571428571428571,4.879500364742666,1.8000000000000003,12.200000000000001,18.285714285714285,10.428571428571429,0.4296875,7,1996,2,Underperformers
65,1.0,0.42857142857142855,6.582805886043833,-5.4,8.8,13.142857142857142,12.142857142857142,0.07608695652173914,7,1996,0,Consistent Climbers
71,-3.142857142857143,0.2857142857142857,5.27347359996462,-10.2,1.0,1.4285714285714286,4.571428571428571,-2.1999999999999997,7,1996,1,Volatile Drivers
73,3.7142857142857144,0.7142857142857143,4.572172558506722,-1.1999999999999997,9.0,19.285714285714285,15.571428571428571,0.19259259259259262,7,1996,2,Underperformers
77,-3.2857142857142856,0.2857142857142857,5.529143565818179,-9.4,3.4000000000000004,6.285714285714286,9.571428571428571,-0.5227272727272727,7,1996,1,Volatile Drivers
79,1.4285714285714286,0.7142857142857143,4.117326918327102,-2.9999999999999996,5.200000000000001,15.285714285714286,13.857142857142858,0.09345794392523364,7,1996,2,Underperformers
83,4.714285714285714,0.7142857142857143,4.15187851918806,-0.7999999999999998,8.4,18.285714285714285,13.571428571428571,0.2578125,7,1996,2,Underperformers
84,0.2857142857142857,0.42857142857142855,4.423960733486292,-5.4,4.4,13.428571428571429,13.142857142857142,0.02127659574468085,7,1996,0,Consistent Climbers
14,-3.7,0.4,6.447221623821123,-12.2,2.0999999999999996,7.2,10.9,-0.513888888888889,10,1997,1,Volatile Drivers
15,3.5,0.7,4.301162633521313,-2.2,8.1,15.8,12.3,0.22151898734177214,10,1997,2,Underperformers
21,-1.3,0.4,4.270050741306634,-8.1,3.0,7.7,9.0,-0.16883116883116883,10,1997,0,Consistent Climbers
22,-3.2,0.2,6.579429222120175,-12.1,2.599999999999998,11.5,14.7,-0.2782608695652174,10,1997,1,Volatile Drivers
23,-5.3,0.2,5.437523946307425,-10.2,2.0999999999999996,7.0,12.3,-0.7571428571428571,10,1997,1,Volatile Drivers
30,-2.6,0.5,7.011102306738617,-14.3,2.0999999999999996,3.1,5.7,-0.8387096774193549,10,1997,1,Volatile Drivers
35,-6.4,0.0,7.574812062208394,-17.1,0.0,2.4,8.8,-2.666666666666667,10,1997,1,Volatile Drivers
44,0.42857142857142855,0.5714285714285714,8.715066319448233,-8.799999999999999,8.8,7.857142857142857,7.428571428571429,0.05454545454545454,7,1997,0,Consistent Climbers
49,-7.4,0.1,7.720103626247513,-18.1,0.09999999999999964,3.0,10.4,-2.466666666666667,10,1997,1,Volatile Drivers
50,5.9,0.9,4.931756504757937,0.7000000000000002,11.299999999999999,19.1,13.2,0.3089005235602094,10,1997,2,Underperformers
55,2.1,0.6,5.173651192984184,-5.1,9.0,8.5,6.4,0.24705882352941178,10,1997,2,Underperformers
56,-2.1,0.4,8.5693251387337,-11.4,6.599999999999998,9.5,11.6,-0.2210526315789474,10,1997,1,Volatile Drivers
57,-2.6,0.3,7.604092465391398,-11.1,3.899999999999997,7.3,9.9,-0.35616438356164387,10,1997,1,Volatile Drivers
63,5.8,0.9,4.779586221049312,0.40000000000000036,10.1,17.8,12.0,0.32584269662921345,10,1997,2,Underperformers
64,2.4,0.6,6.51835016617617,-5.1,10.2,17.8,15.4,0.1348314606741573,10,1997,2,Underperformers
65,-1.5,0.5,8.195527235429498,-10.4,6.199999999999999,10.2,11.7,-0.14705882352941177,10,1997,0,Consistent Climbers
71,-0.9,0.4,5.839520528262573,-8.0,6.0,14.2,15.1,-0.06338028169014084,10,1997,0,Consistent Climbers
75,4.0,0.7,6.749485577105529,-4.4,10.299999999999999,16.9,12.9,0.2366863905325444,10,1997,2,Underperformers
76,2.3,0.5,5.538752366533259,-3.2,9.299999999999999,17.7,15.4,0.12994350282485875,10,1997,2,Underperformers
77,1.1428571428571428,0.5714285714285714,6.12178000880385,-6.0,6.800000000000001,8.571428571428571,7.428571428571429,0.13333333333333333,7,1997,0,Consistent Climbers
78,4.2,0.8,3.96232255123179,0.0,7.6,13.8,9.6,0.30434782608695654,5,1997,2,Underperformers
79,4.1,0.6,5.384133067531754,-2.2,10.1,19.9,15.8,0.20603015075376885,10,1997,2,Underperformers
14,-1.2857142857142858,0.14285714285714285,7.111359122659224,-7.3999999999999995,4.800000000000004,3.857142857142857,5.142857142857143,-0.33333333333333337,7,1998,1,Volatile Drivers
15,1.8571428571428572,0.7142857142857143,5.27347359996462,-4.3999999999999995,6.4,14.285714285714286,12.428571428571429,0.13,7,1998,2,Underperformers
21,-1.2857142857142858,0.5714285714285714,6.2373681873657185,-7.399999999999999,3.8000000000000007,7.142857142857143,8.428571428571429,-0.18,7,1998,0,Consistent Climbers
22,-3.7142857142857144,0.2857142857142857,6.102302453836194,-10.0,3.4000000000000004,12.714285714285714,16.428571428571427,-0.2921348314606742,7,1998,1,Volatile Drivers
23,-2.142857142857143,0.42857142857142855,11.111984092689768,-14.0,9.600000000000003,9.142857142857142,11.285714285714286,-0.234375,7,1998,1,Volatile Drivers
25,2.0,0.7142857142857143,5.32290647422377,-4.8,7.4,10.0,8.0,0.2,7,1998,2,Underperformers
30,-1.7142857142857142,0.7142857142857143,6.2105900340811875,-9.2,2.200000000000001,4.0,5.714285714285714,-0.42857142857142855,7,1998,0,Consistent Climbers
35,-2.0,0.2857142857142857,5.354126134736337,-8.2,3.8000000000000007,6.285714285714286,8.285714285714286,-0.3181818181818182,7,1998,0,Consistent Climbers
44,0.42857142857142855,0.42857142857142855,8.223080178318076,-7.3999999999999995,10.8,15.428571428571429,15.0,0.027777777777777776,7,1998,0,Consistent Climbers
49,-3.0,0.42857142857142855,7.187952884282608,-12.0,3.8000000000000007,6.714285714285714,9.714285714285714,-0.44680851063829785,7,1998,1,Volatile Drivers
55,0.7142857142857143,0.7142857142857143,7.296444013222827,-6.799999999999999,6.4,9.857142857142858,9.142857142857142,0.07246376811594203,7,1998,0,Consistent Climbers
56,0.14285714285714285,0.5714285714285714,3.670993118515816,-3.5999999999999996,4.0,6.0,5.857142857142857,0.023809523809523808,7,1998,0,Consistent Climbers
57,-1.8571428571428572,0.2857142857142857,5.871642911161277,-6.599999999999998,1.4000000000000004,1.5714285714285714,3.4285714285714284,-1.1818181818181819,7,1998,1,Volatile Drivers
63,-3.0,0.42857142857142855,5.972157622389639,-9.799999999999999,2.4000000000000004,15.285714285714286,18.285714285714285,-0.19626168224299065,7,1998,0,Consistent Climbers
64,0.8571428571428571,0.5714285714285714,5.871642911161277,-4.8,7.400000000000002,17.0,16.142857142857142,0.050420168067226885,7,1998,0,Consistent Climbers
65,-2.142857142857143,0.2857142857142857,6.768273325562717,-7.6,5.8000000000000025,11.714285714285714,13.857142857142858,-0.18292682926829268,7,1998,0,Consistent Climbers
68,0.7142857142857143,0.5714285714285714,5.154748157905347,-4.3999999999999995,6.200000000000001,16.285714285714285,15.571428571428571,0.04385964912280702,7,1998,0,Consistent Climbers
71,-0.2857142857142857,0.7142857142857143,7.064330251677218,-6.599999999999998,4.400000000000002,8.571428571428571,8.857142857142858,-0.03333333333333333,7,1998,0,Consistent Climbers
73,5.0,0.8333333333333334,4.09878030638384,0.5,8.5,20.5,15.5,0.24390243902439024,6,1998,2,Underperformers
74,4.142857142857143,0.8571428571428571,3.1320159337914952,1.2000000000000002,7.000000000000002,19.428571428571427,15.285714285714286,0.2132352941176471,7,1998,2,Underperformers
75,6.428571428571429,0.8571428571428571,5.563486402641868,4.440892098500626e-16,11.8,20.0,13.571428571428571,0.32142857142857145,7,1998,2,Underperformers
2,0.8125,0.625,6.177580432499443,-8.0,7.5,12.3125,11.5,0.06598984771573604,16,2003,0,Consistent Climbers
4,-0.375,0.5625,6.974955196988724,-10.5,5.5,7.875,8.25,-0.047619047619047616,16,2003,0,Consistent Climbers
8,0.9375,0.4375,8.16879224039066,-7.5,9.0,6.8125,5.875,0.13761467889908258,16,2003,0,Consistent Climbers
14,0.1875,0.4375,7.101349636982161,-7.0,8.5,8.5,8.3125,0.022058823529411766,16,2003,0,Consistent Climbers
15,-2.625,0.3125,8.05708797684788,-13.0,6.5,7.3125,9.9375,-0.358974358974359,16,2003,1,Volatile Drivers
17,-1.0625,0.3125,5.458555975103062,-7.0,5.0,9.875,10.9375,-0.10759493670886076,16,2003,0,Consistent Climbers
18,1.0625,0.5625,5.685874309784439,-5.5,7.0,11.875,10.8125,0.08947368421052632,16,2003,0,Consistent Climbers
21,0.375,0.5,4.318564576337836,-5.0,5.5,13.875,13.5,0.02702702702702703,16,2003,0,Consistent Climbers
22,-4.3125,0.25,7.709031499914024,-16.5,2.0,3.625,7.9375,-1.1896551724137931,16,2003,1,Volatile Drivers
23,-0.8666666666666667,0.4,6.906173911453294,-10.399999999999999,5.799999999999999,5.933333333333334,6.8,-0.14606741573033707,15,2003,0,Consistent Climbers
30,0.0,0.3125,3.2455097185701565,-3.0,4.0,4.25,4.25,0.0,16,2003,0,Consistent Climbers
31,-2.0,0.375,6.2289646009589745,-10.0,3.5,4.1875,6.1875,-0.47761194029850745,16,2003,1,Volatile Drivers
35,-1.6666666666666667,0.26666666666666666,5.19156825558337,-7.199999999999999,4.0,11.666666666666666,13.333333333333334,-0.14285714285714288,15,2003,0,Consistent Climbers
42,-0.09090909090909091,0.6363636363636364,4.570657402486987,-5.0,5.0,13.818181818181818,13.909090909090908,-0.006578947368421053,11,2003,0,Consistent Climbers
43,0.5,0.5,4.049691346263317,-5.0,5.5,11.25,10.75,0.044444444444444446,16,2003,0,Consistent Climbers
44,-4.25,0.3125,5.471136384091821,-10.5,2.0,9.0,13.25,-0.4722222222222222,16,2003,1,Volatile Drivers
49,0.5,0.5625,6.0,-6.0,7.5,13.25,12.75,0.03773584905660377,16,2003,0,Consistent Climbers
50,4.5,1.0,2.581988897471611,1.5,8.0,18.4375,13.9375,0.2440677966101695,16,2003,2,Underperformers
51,2.625,0.75,3.8100743649785453,-3.0,6.5,17.1875,14.5625,0.15272727272727274,16,2003,2,Underperformers
52,2.7857142857142856,0.7857142857142857,3.49017459181037,-2.0,6.400000000000002,17.0,14.214285714285714,0.1638655462184874,14,2003,2,Underperformers
53,6.6,1.0,2.701851217221259,4.0,8.6,19.4,12.8,0.3402061855670103,5,2003,2,Underperformers
2,1.8888888888888888,0.6111111111111112,3.4451822949956705,-2.3,5.600000000000001,15.88888888888889,14.0,0.11888111888111888,18,2004,2,Underperformers
4,-0.16666666666666666,0.6111111111111112,7.172250446727878,-9.2,7.5000000000000036,7.222222222222222,7.388888888888889,-0.023076923076923075,18,2004,0,Consistent Climbers
8,-2.611111111111111,0.4444444444444444,8.218622246702115,-12.6,6.900000000000002,8.38888888888889,11.0,-0.31125827814569534,18,2004,1,Volatile Drivers
11,-2.3333333333333335,0.2777777777777778,5.530663187549722,-10.2,3.6000000000000014,7.722222222222222,10.055555555555555,-0.302158273381295,18,2004,1,Volatile Drivers
13,2.9444444444444446,0.7777777777777778,4.783208647688314,-4.0,8.900000000000002,13.61111111111111,10.666666666666666,0.2163265306122449,18,2004,2,Underperformers
14,-0.3888888888888889,0.5555555555555556,4.552166761249221,-8.3,4.0,9.555555555555555,9.944444444444445,-0.040697674418604654,18,2004,0,Consistent Climbers
15,-1.4705882352941178,0.4117647058823529,6.9472804666540515,-10.0,3.4000000000000004,6.823529411764706,8.294117647058824,-0.21551724137931036,17,2004,0,Consistent Climbers
17,-2.5555555555555554,0.4444444444444444,7.5710145580304165,-13.5,6.0,10.0,12.555555555555555,-0.25555555555555554,18,2004,1,Volatile Drivers
18,-0.6111111111111112,0.5,4.766783215358364,-4.099999999999999,3.0,5.0,5.611111111111111,-0.12222222222222223,18,2004,0,Consistent Climbers
21,3.7222222222222223,0.6666666666666666,5.333639697083095,-0.2999999999999998,10.900000000000002,12.5,8.777777777777779,0.2977777777777778,18,2004,2,Underperformers
22,0.6666666666666666,0.3333333333333333,3.1436209919735028,-2.5999999999999996,5.0,4.666666666666667,4.0,0.14285714285714285,18,2004,0,Consistent Climbers
23,-5.583333333333333,0.16666666666666666,6.556860852757533,-12.9,1.8000000000000007,5.166666666666667,10.75,-1.0806451612903225,12,2004,1,Volatile Drivers
30,0.8333333333333334,0.4444444444444444,2.727851988394575,0.0,3.6000000000000014,3.4444444444444446,2.611111111111111,0.24193548387096775,18,2004,0,Consistent Climbers
31,-1.5,0.3888888888888889,6.031778588540569,-10.899999999999999,6.0,5.777777777777778,7.277777777777778,-0.25961538461538464,18,2004,0,Consistent Climbers
32,0.8333333333333334,0.6111111111111112,3.4852630924407144,-4.0,4.200000000000003,13.944444444444445,13.11111111111111,0.05976095617529881,18,2004,0,Consistent Climbers
41,0.8,0.4,5.805170109479997,-4.2,6.800000000000001,15.0,14.2,0.05333333333333334,5,2004,0,Consistent Climbers
43,-2.0833333333333335,0.3333333333333333,4.907477288111819,-7.9,1.0,11.833333333333334,13.916666666666666,-0.17605633802816903,12,2004,0,Consistent Climbers
44,-1.7058823529411764,0.4117647058823529,4.71387189423876,-7.4,3.8000000000000007,11.352941176470589,13.058823529411764,-0.15025906735751293,17,2004,0,Consistent Climbers
45,0.9285714285714286,0.6428571428571429,2.6736401493753132,-1.7,4.400000000000002,17.071428571428573,16.142857142857142,0.05439330543933054,14,2004,2,Underperformers
46,2.0,0.7777777777777778,2.6346112560657287,-2.0,6.0,18.666666666666668,16.666666666666668,0.10714285714285714,18,2004,2,Underperformers
47,3.0555555555555554,0.7777777777777778,3.455127855337921,0.0,8.600000000000001,18.555555555555557,15.5,0.1646706586826347,18,2004,2,Underperformers
2,-1.2142857142857142,0.42857142857142855,6.840811596346101,-12.0,6.700000000000001,9.642857142857142,10.857142857142858,-0.1259259259259259,14,2005,0,Consistent Climbers
4,0.42105263157894735,0.47368421052631576,5.5908237265648495,-5.0,5.9999999999999964,4.052631578947368,3.6315789473684212,0.1038961038961039,19,2005,0,Consistent Climbers
8,-0.8947368421052632,0.47368421052631576,7.673147527739587,-10.2,6.0,4.105263157894737,5.0,-0.21794871794871792,19,2005,0,Consistent Climbers
11,-3.5,0.3125,7.201851613763413,-12.5,5.0,10.625,14.125,-0.32941176470588235,16,2005,1,Volatile Drivers
13,0.8421052631578947,0.47368421052631576,5.490022848512835,-5.0,6.199999999999999,11.631578947368421,10.789473684210526,0.07239819004524886,19,2005,0,Consistent Climbers
14,0.3157894736842105,0.5263157894736842,4.85400901408021,-5.2,5.199999999999999,11.263157894736842,10.947368421052632,0.02803738317757009,19,2005,0,Consistent Climbers
15,-2.8421052631578947,0.21052631578947367,3.4843006295658503,-6.2,1.0,5.7368421052631575,8.578947368421053,-0.4954128440366973,19,2005,0,Consistent Climbers
17,-2.1052631578947367,0.3684210526315789,7.302166625522906,-13.0,6.599999999999998,8.210526315789474,10.31578947368421,-0.2564102564102564,19,2005,1,Volatile Drivers
18,-2.4705882352941178,0.29411764705882354,6.2261308918422955,-10.2,4.800000000000001,6.176470588235294,8.647058823529411,-0.4,17,2005,1,Volatile Drivers
21,-3.210526315789474,0.3157894736842105,6.1965846091789505,-12.4,3.0,5.421052631578948,8.631578947368421,-0.5922330097087378,19,2005,1,Volatile Drivers
22,2.4210526315789473,0.5789473684210527,5.824429294633693,-4.0,9.0,10.68421052631579,8.263157894736842,0.22660098522167488,19,2005,2,Underperformers
23,1.5555555555555556,0.6666666666666666,5.090038971562609,-4.199999999999999,6.0,8.944444444444445,7.388888888888889,0.17391304347826086,18,2005,2,Underperformers
27,2.789473684210526,0.6842105263157895,3.838097725703031,-1.4,6.199999999999999,17.473684210526315,14.68421052631579,0.15963855421686746,19,2005,2,Underperformers
30,-0.2631578947368421,0.5263157894736842,7.093362353192187,-11.6,6.199999999999999,8.473684210526315,8.736842105263158,-0.031055900621118012,19,2005,0,Consistent Climbers
31,-1.588235294117647,0.47058823529411764,9.090233932148086,-14.4,8.600000000000001,7.647058823529412,9.235294117647058,-0.20769230769230768,17,2005,1,Volatile Drivers
32,-0.8666666666666667,0.3333333333333333,6.010308604706544,-7.3999999999999995,7.6,11.0,11.866666666666667,-0.0787878787878788,15,2005,0,Consistent Climbers
33,4.421052631578948,0.7894736842105263,4.426131863699251,-0.3999999999999999,8.599999999999998,17.263157894736842,12.842105263157896,0.25609756097560976,19,2005,2,Underperformers
35,0.631578947368421,0.42105263157894735,4.585127240640711,-4.0,7.199999999999999,12.368421052631579,11.736842105263158,0.05106382978723404,19,2005,0,Consistent Climbers
38,2.125,0.75,2.356601669474803,-0.29999999999999993,4.6,17.875,15.75,0.11888111888111888,8,2005,2,Underperformers
39,2.0526315789473686,0.5263157894736842,4.893007303063858,-3.0,6.599999999999998,16.94736842105263,14.894736842105264,0.12111801242236027,19,2005,2,Underperformers
40,1.9090909090909092,0.36363636363636365,4.9488290626075475,-1.0,8.0,17.90909090909091,16.0,0.1065989847715736,11,2005,2,Underperformers
42,0.0,0.2,5.52268050859363,-4.6,5.4,14.2,14.2,0.0,5,2005,0,Consistent Climbers
2,0.6111111111111112,0.6111111111111112,5.1579623072875105,-7.3,6.600000000000001,10.722222222222221,10.11111111111111,0.05699481865284975,18,2006,0,Consistent Climbers
3,-2.7777777777777777,0.4444444444444444,7.635486467460423,-12.2,5.0,12.222222222222221,15.0,-0.2272727272727273,18,2006,1,Volatile Drivers
4,0.7777777777777778,0.5555555555555556,3.0400378394617853,-1.0,3.3000000000000007,4.333333333333333,3.5555555555555554,0.17948717948717952,18,2006,2,Underperformers
8,-2.9444444444444446,0.3888888888888889,9.301943011589014,-15.3,4.600000000000001,5.944444444444445,8.88888888888889,-0.4953271028037383,18,2006,1,Volatile Drivers
9,-2.1666666666666665,0.3333333333333333,5.636192568273964,-8.0,3.0,9.166666666666666,11.333333333333334,-0.23636363636363636,6,2006,0,Consistent Climbers
11,4.166666666666667,0.8333333333333334,3.294380241634318,-0.2999999999999998,7.600000000000001,20.38888888888889,16.22222222222222,0.20435967302452318,18,2006,2,Underperformers
13,0.2777777777777778,0.2777777777777778,5.038738819276991,-5.3,6.800000000000004,6.444444444444445,6.166666666666667,0.04310344827586207,18,2006,0,Consistent Climbers
14,1.6111111111111112,0.6666666666666666,5.214672612687813,-4.8999999999999995,8.0,13.833333333333334,12.222222222222221,0.11646586345381527,18,2006,2,Underperformers
15,-1.9444444444444444,0.3333333333333333,8.666855201569213,-12.899999999999999,7.5000000000000036,10.333333333333334,12.277777777777779,-0.1881720430107527,18,2006,1,Volatile Drivers
17,-4.277777777777778,0.3333333333333333,7.8949392245588,-14.0,5.300000000000001,10.777777777777779,15.055555555555555,-0.39690721649484534,18,2006,1,Volatile Drivers
18,-0.6111111111111112,0.3888888888888889,5.259600621036777,-8.3,3.0,7.388888888888889,8.0,-0.08270676691729323,18,2006,0,Consistent Climbers
21,-0.5,0.3888888888888889,4.617740725913995,-5.099999999999999,3.6000000000000014,5.777777777777778,6.277777777777778,-0.08653846153846154,18,2006,0,Consistent Climbers
22,-2.2222222222222223,0.2777777777777778,5.29767491236714,-9.3,3.200000000000003,7.333333333333333,9.555555555555555,-0.30303030303030304,18,2006,0,Consistent Climbers
23,-2.7777777777777777,0.3333333333333333,5.461690705219138,-13.3,2.3000000000000007,8.833333333333334,11.61111111111111,-0.31446540880503143,18,2006,1,Volatile Drivers
24,2.388888888888889,0.7777777777777778,4.089281382128433,-1.5999999999999996,7.0,15.88888888888889,13.5,0.15034965034965034,18,2006,2,Underperformers
26,3.2222222222222223,0.7777777777777778,5.012402917417548,-3.5999999999999996,8.600000000000001,17.0,13.777777777777779,0.1895424836601307,18,2006,2,Underperformers
27,2.0555555555555554,0.6666666666666666,4.465188517490838,-3.3,7.0,18.055555555555557,16.0,0.11384615384615382,18,2006,2,Underperformers
29,2.7142857142857144,1.0,1.7043362064926932,1.0,5.0,21.142857142857142,18.428571428571427,0.1283783783783784,7,2006,2,Underperformers
30,0.6666666666666666,0.5555555555555556,6.588760483268637,-3.1999999999999993,5.300000000000001,5.0,4.333333333333333,0.13333333333333333,18,2006,0,Consistent Climbers
31,-3.2,0.4,5.711586664161039,-9.2,2.1999999999999993,7.4,10.6,-0.43243243243243246,10,2006,1,Volatile Drivers
32,-1.4666666666666666,0.3333333333333333,4.033195589934446,-6.199999999999999,3.1999999999999993,13.266666666666667,14.733333333333333,-0.11055276381909546,15,2006,0,Consistent Climbers
33,2.7777777777777777,0.7222222222222222,3.335293541284777,-2.0,7.0,18.88888888888889,16.11111111111111,0.14705882352941177,18,2006,2,Underperformers
35,0.0,0.4166666666666667,4.842989309769892,-5.9,6.600000000000001,11.75,11.75,0.0,12,2006,0,Consistent Climbers
36,2.5714285714285716,0.7142857142857143,2.370453040886408,-0.3999999999999999,5.0,21.285714285714285,18.714285714285715,0.1208053691275168,7,2006,2,Underperformers
37,-0.375,0.75,6.885543862739841,-10.2,4.8999999999999995,9.125,9.5,-0.0410958904109589,8,2006,0,Consistent Climbers
1,-1.2941176470588236,0.29411764705882354,4.647105360898773,-3.8,1.4000000000000004,2.6470588235294117,3.9411764705882355,-0.48888888888888893,17,2007,0,Consistent Climbers
2,-1.1764705882352942,0.5294117647058824,4.461436065293986,-8.4,2.0,5.470588235294118,6.647058823529412,-0.21505376344086022,17,2007,0,Consistent Climbers
3,-0.9411764705882353,0.35294117647058826,5.1413834256366995,-7.8,5.0,9.941176470588236,10.882352941176471,-0.09467455621301775,17,2007,0,Consistent Climbers
4,-1.1176470588235294,0.4117647058823529,4.9608763457323795,-3.8,1.4000000000000004,2.8823529411764706,4.0,-0.3877551020408163,17,2007,0,Consistent Climbers
5,2.3529411764705883,0.7058823529411765,5.361216938235528,-0.3999999999999999,6.000000000000002,10.764705882352942,8.411764705882353,0.2185792349726776,17,2007,2,Underperformers
8,-0.6470588235294118,0.47058823529411764,5.600682731491182,-5.799999999999999,2.0,3.588235294117647,4.235294117647059,-0.18032786885245902,17,2007,0,Consistent Climbers
9,-2.0,0.5,5.808040403899867,-10.0,2.5,6.875,8.875,-0.2909090909090909,16,2007,0,Consistent Climbers
11,2.8823529411764706,0.7647058823529411,3.120143284794315,-1.4,6.0,17.235294117647058,14.352941176470589,0.1672354948805461,17,2007,2,Underperformers
13,-1.8235294117647058,0.17647058823529413,6.366271417769264,-8.799999999999999,1.0,3.8823529411764706,5.705882352941177,-0.46969696969696967,17,2007,1,Volatile Drivers
14,0.23529411764705882,0.4117647058823529,5.9216700744459105,-7.8,5.600000000000001,13.470588235294118,13.235294117647058,0.017467248908296942,17,2007,0,Consistent Climbers
15,-3.1176470588235294,0.17647058823529413,4.728667266540018,-9.399999999999999,1.4000000000000004,9.235294117647058,12.352941176470589,-0.33757961783439494,17,2007,1,Volatile Drivers
16,3.2941176470588234,0.7058823529411765,3.6187827007564457,-1.0,7.0,20.41176470588235,17.11764705882353,0.16138328530259366,17,2007,2,Underperformers
17,-4.529411764705882,0.29411764705882354,6.384724417103133,-13.8,2.0,9.117647058823529,13.647058823529411,-0.4967741935483871,17,2007,1,Volatile Drivers
18,0.11764705882352941,0.47058823529411764,4.5122382602924525,-5.0,6.200000000000001,13.882352941176471,13.764705882352942,0.00847457627118644,17,2007,0,Consistent Climbers
19,0.4117647058823529,0.5294117647058824,4.169214907051023,-5.0,5.4,16.058823529411764,15.647058823529411,0.02564102564102564,17,2007,0,Consistent Climbers
20,-1.0,0.25,7.111359122659224,-6.8,6.699999999999998,14.375,15.375,-0.06956521739130435,8,2007,0,Consistent Climbers
21,-0.058823529411764705,0.5294117647058824,5.11701314532333,-6.3999999999999995,5.4,10.529411764705882,10.588235294117647,-0.00558659217877095,17,2007,0,Consistent Climbers
22,2.1176470588235294,0.7647058823529411,3.7729688731351945,-2.5999999999999996,6.4,14.941176470588236,12.823529411764707,0.14173228346456693,17,2007,2,Underperformers
23,-1.2941176470588236,0.5294117647058824,6.677992829832487,-11.6,4.0,12.411764705882353,13.705882352941176,-0.1042654028436019,17,2007,0,Consistent Climbers
24,-0.29411764705882354,0.4117647058823529,3.9332668655068543,-3.8,5.0,15.705882352941176,16.0,-0.018726591760299626,17,2007,0,Consistent Climbers
25,2.75,0.5,5.870831854743131,-4.0,9.5,15.375,12.625,0.17886178861788618,16,2007,2,Underperformers
26,0.4,0.4,4.880801391392834,-3.1,7.199999999999999,17.8,17.4,0.02247191011235955,10,2007,0,Consistent Climbers
27,4.333333333333333,0.7777777777777778,3.3166247903554003,0.0,7.2,21.444444444444443,17.11111111111111,0.20207253886010362,9,2007,2,Underperformers
29,3.142857142857143,0.7142857142857143,3.5790395093549625,0.0,7.000000000000002,21.571428571428573,18.428571428571427,0.1456953642384106,7,2007,2,Underperformers
1,-2.1666666666666665,0.2777777777777778,6.012242412239332,-10.3,2.3000000000000007,3.0555555555555554,5.222222222222222,-0.7090909090909091,18,2008,1,Volatile Drivers
2,2.5,0.6666666666666666,3.034119699837364,-1.0,6.300000000000001,9.0,6.5,0.2777777777777778,18,2008,2,Underperformers
3,1.0555555555555556,0.6666666666666666,4.964251287925824,-6.199999999999999,6.300000000000001,11.944444444444445,10.88888888888889,0.08837209302325581,18,2008,2,Underperformers
4,-0.3333333333333333,0.5,6.650961894165915,-9.2,5.200000000000003,7.111111111111111,7.444444444444445,-0.046875,18,2008,0,Consistent Climbers
5,-4.0,0.16666666666666666,5.00587889679842,-11.6,1.0,3.888888888888889,7.888888888888889,-1.0285714285714287,18,2008,1,Volatile Drivers
6,2.388888888888889,0.7222222222222222,3.7280950645681656,-3.0,7.0,15.055555555555555,12.666666666666666,0.15867158671586715,18,2008,2,Underperformers
7,-0.7222222222222222,0.3333333333333333,5.154159434585255,-4.3,3.6000000000000014,13.5,14.222222222222221,-0.053497942386831275,18,2008,0,Consistent Climbers
8,-2.5555555555555554,0.3333333333333333,6.861848680950451,-14.0,3.6000000000000014,4.444444444444445,7.0,-0.575,18,2008,1,Volatile Drivers
9,0.5,0.5555555555555556,4.0908793819479765,-4.8999999999999995,4.600000000000001,6.111111111111111,5.611111111111111,0.08181818181818182,18,2008,0,Consistent Climbers
10,0.3888888888888889,0.5555555555555556,5.6060774678168155,-9.6,6.0,10.833333333333334,10.444444444444445,0.035897435897435895,18,2008,0,Consistent Climbers
12,0.6111111111111112,0.5555555555555556,7.0388743158254305,-8.3,8.3,13.666666666666666,13.055555555555555,0.04471544715447155,18,2008,0,Consistent Climbers
13,-3.111111111111111,0.3333333333333333,5.949680059503831,-12.6,1.0,2.9444444444444446,6.055555555555555,-1.0566037735849056,18,2008,1,Volatile Drivers
14,-0.5,0.4444444444444444,5.752237416355277,-9.0,6.300000000000001,12.722222222222221,13.222222222222221,-0.039301310043668124,18,2008,0,Consistent Climbers
15,-1.6111111111111112,0.4444444444444444,5.214672612687813,-6.8999999999999995,3.5000000000000036,7.888888888888889,9.5,-0.20422535211267606,18,2008,0,Consistent Climbers
16,1.6666666666666667,0.8333333333333334,2.0291986247835694,-0.2999999999999998,4.0,19.38888888888889,17.72222222222222,0.08595988538681949,18,2008,2,Underperformers
17,-1.1111111111111112,0.4444444444444444,4.701550293615787,-8.0,4.300000000000001,8.88888888888889,10.0,-0.125,18,2008,0,Consistent Climbers
18,1.1111111111111112,0.7222222222222222,4.613138384184241,-3.5999999999999996,4.900000000000002,14.833333333333334,13.722222222222221,0.0749063670411985,18,2008,2,Underperformers
20,-0.2222222222222222,0.4444444444444444,6.44940084363114,-9.3,7.100000000000005,11.277777777777779,11.5,-0.019704433497536943,18,2008,0,Consistent Climbers
21,2.5555555555555554,0.8333333333333334,3.868762109698386,-1.8999999999999995,6.0,18.61111111111111,16.055555555555557,0.1373134328358209,18,2008,2,Underperformers
22,1.0555555555555556,0.5555555555555556,5.150353753952215,-3.5999999999999996,5.5000000000000036,14.944444444444445,13.88888888888889,0.07063197026022305,18,2008,0,Consistent Climbers
1,-0.7058823529411765,0.5294117647058824,7.9825176626985375,-11.8,5.4,9.0,9.705882352941176,-0.0784313725490196,17,2009,0,Consistent Climbers
2,1.2941176470588236,0.5294117647058824,4.870378654200731,-3.1999999999999997,6.800000000000001,11.764705882352942,10.470588235294118,0.11,17,2009,2,Underperformers
3,0.17647058823529413,0.5294117647058824,5.027863538791192,-8.0,4.800000000000001,8.411764705882353,8.235294117647058,0.02097902097902098,17,2009,0,Consistent Climbers
4,-0.8823529411764706,0.5294117647058824,5.956953425841691,-8.2,3.8000000000000007,8.941176470588236,9.823529411764707,-0.09868421052631579,17,2009,0,Consistent Climbers
5,-0.23529411764705882,0.4117647058823529,5.117731574690904,-6.4,7.4,10.882352941176471,11.117647058823529,-0.02162162162162162,17,2009,0,Consistent Climbers
6,-1.0588235294117647,0.35294117647058826,4.069253436370333,-6.0,3.200000000000001,12.647058823529411,13.705882352941176,-0.08372093023255814,17,2009,0,Consistent Climbers
7,3.6666666666666665,0.6666666666666666,4.6097722286464435,-2.0,8.0,17.666666666666668,14.0,0.20754716981132074,9,2009,2,Underperformers
8,-0.17647058823529413,0.47058823529411764,4.1718595092243795,-5.4,4.4,8.058823529411764,8.235294117647058,-0.021897810218978103,17,2009,0,Consistent Climbers
9,-0.35294117647058826,0.5882352941176471,5.147100840164638,-7.6,5.4,11.352941176470589,11.705882352941176,-0.031088082901554404,17,2009,0,Consistent Climbers
10,2.2666666666666666,0.6,5.391351098441528,-4.6,9.2,10.933333333333334,8.666666666666666,0.2073170731707317,15,2009,2,Underperformers
12,0.6,0.6,3.5023801430836525,-3.4,4.1,14.6,14.0,0.0410958904109589,10,2009,0,Consistent Climbers
13,-1.2,0.5,6.390965845976995,-9.1,7.0,8.9,10.1,-0.1348314606741573,10,2009,0,Consistent Climbers
15,-2.5294117647058822,0.35294117647058826,6.874933154755247,-14.0,5.0,8.0,10.529411764705882,-0.3161764705882353,17,2009,1,Volatile Drivers
16,-1.2352941176470589,0.4117647058823529,5.437478870817636,-8.4,2.0,13.588235294117647,14.823529411764707,-0.09090909090909091,17,2009,0,Consistent Climbers
17,-0.11764705882352941,0.5882352941176471,4.794298083937528,-5.199999999999999,3.0,7.0588235294117645,7.176470588235294,-0.016666666666666666,17,2009,0,Consistent Climbers
18,1.2352941176470589,0.47058823529411764,3.133077795170148,-2.0,5.200000000000001,5.588235294117647,4.352941176470588,0.2210526315789474,17,2009,2,Underperformers
20,-3.0,0.35294117647058826,7.729812416870153,-14.4,3.200000000000001,3.8823529411764706,6.882352941176471,-0.7727272727272727,17,2009,1,Volatile Drivers
21,4.176470588235294,0.8235294117647058,2.789159687917829,-0.3999999999999999,7.0,16.58823529411765,12.411764705882353,0.25177304964539005,17,2009,2,Underperformers
22,-1.3529411764705883,0.35294117647058826,4.595394113547121,-5.199999999999999,2.4000000000000004,4.0588235294117645,5.411764705882353,-0.33333333333333337,17,2009,0,Consistent Climbers
24,1.2,0.8,6.457553716385176,-5.199999999999999,5.6,15.6,14.4,0.07692307692307693,5,2009,2,Underperformers
67,0.0,0.5294117647058824,4.924428900898052,-6.6,4.800000000000001,14.411764705882353,14.411764705882353,0.0,17,2009,0,Consistent Climbers
153,-0.125,0.5,3.563204817496262,-3.5999999999999996,3.5999999999999996,16.875,17.0,-0.007407407407407408,8,2009,0,Consistent Climbers
154,-0.14285714285714285,0.42857142857142855,1.6761634196950517,-1.7999999999999998,1.4000000000000004,16.285714285714285,16.428571428571427,-0.008771929824561403,7,2009,0,Consistent Climbers
1,-1.5263157894736843,0.5263157894736842,7.9538140470303205,-15.2,4.199999999999999,4.894736842105263,6.421052631578948,-0.31182795698924737,19,2010,1,Volatile Drivers
2,1.2,0.6,3.03315017762062,-2.2,3.6,13.8,12.6,0.08695652173913043,5,2010,2,Underperformers
3,-0.9473684210526315,0.631578947368421,6.963984206141755,-11.2,5.199999999999999,7.315789473684211,8.263157894736842,-0.12949640287769784,19,2010,0,Consistent Climbers
4,0.47368421052631576,0.5789473684210527,6.104355649430727,-5.3999999999999995,4.399999999999999,5.894736842105263,5.421052631578948,0.08035714285714286,19,2010,0,Consistent Climbers
5,2.3157894736842106,0.6842105263157895,3.888053377247731,-3.0,7.199999999999999,19.31578947368421,17.0,0.11989100817438694,19,2010,2,Underperformers
9,-1.3157894736842106,0.5263157894736842,6.5494073657167835,-13.4,3.599999999999998,7.0,8.31578947368421,-0.1879699248120301,19,2010,0,Consistent Climbers
10,1.0526315789473684,0.631578947368421,3.5035487439408612,-1.7999999999999998,4.399999999999999,19.842105263157894,18.789473684210527,0.05305039787798409,19,2010,2,Underperformers
13,-0.05263157894736842,0.42105263157894735,6.586802328313846,-8.0,5.199999999999992,7.7894736842105265,7.842105263157895,-0.006756756756756756,19,2010,0,Consistent Climbers
15,0.10526315789473684,0.47368421052631576,3.57296541703737,-4.2,5.199999999999999,19.36842105263158,19.263157894736842,0.005434782608695652,19,2010,0,Consistent Climbers
16,0.0,0.42105263157894735,4.749268949591669,-5.6,6.199999999999999,11.736842105263158,11.736842105263158,0.0,19,2010,0,Consistent Climbers
17,-3.526315789473684,0.21052631578947367,6.7360425329601314,-9.799999999999999,1.0,2.526315789473684,6.052631578947368,-1.3958333333333333,19,2010,1,Volatile Drivers
18,0.5789473684210527,0.631578947368421,6.743851433991016,-7.0,6.599999999999998,6.947368421052632,6.368421052631579,0.08333333333333333,19,2010,0,Consistent Climbers
20,-4.0,0.21052631578947367,6.582805886043833,-16.0,1.1999999999999993,2.0,6.0,-2.0,19,2010,1,Volatile Drivers
22,-1.5263157894736843,0.3684210526315789,5.757781411587777,-8.2,3.3999999999999986,9.526315789473685,11.052631578947368,-0.16022099447513813,19,2010,0,Consistent Climbers
24,0.3157894736842105,0.5789473684210527,6.209782887410149,-7.2,6.399999999999999,15.263157894736842,14.947368421052632,0.020689655172413793,19,2010,0,Consistent Climbers
29,4.571428571428571,1.0,2.878491668515698,1.0,8.0,23.285714285714285,18.714285714285715,0.19631901840490798,7,2010,2,Underperformers
30,-0.631578947368421,0.631578947368421,5.41818467258166,-6.6,4.0,9.421052631578947,10.052631578947368,-0.0670391061452514,19,2010,0,Consistent Climbers
37,-2.0714285714285716,0.5,6.855253860690024,-11.4,3.700000000000001,14.428571428571429,16.5,-0.14356435643564358,14,2010,0,Consistent Climbers
67,0.3157894736842105,0.5789473684210527,4.865440845379074,-7.2,5.399999999999999,14.789473684210526,14.473684210526315,0.021352313167259787,19,2010,0,Consistent Climbers
153,2.6842105263157894,0.7368421052631579,3.757254192136524,-1.4,6.0,15.631578947368421,12.947368421052632,0.1717171717171717,19,2010,2,Underperformers
155,-0.8947368421052632,0.42105263157894735,7.49736795921005,-11.0,9.399999999999999,13.789473684210526,14.68421052631579,-0.0648854961832061,19,2010,0,Consistent Climbers
807,-3.1052631578947367,0.3157894736842105,5.290397347417985,-11.4,2.1999999999999993,10.947368421052632,14.052631578947368,-0.28365384615384615,19,2010,1,Volatile Drivers
808,-0.10526315789473684,0.5263157894736842,5.762857478351298,-6.4,4.599999999999998,13.526315789473685,13.631578947368421,-0.007782101167315174,19,2010,0,Consistent Climbers
810,2.789473684210526,0.7894736842105263,3.137212977016048,-1.2,6.0,22.105263157894736,19.31578947368421,0.1261904761904762,19,2010,2,Underperformers
811,3.5,0.8888888888888888,3.312187832127598,0.40000000000000036,7.300000000000001,22.77777777777778,19.27777777777778,0.15365853658536585,18,2010,2,Underperformers
812,5.4,0.9,3.062315754094894,1.8,9.1,23.4,18.0,0.2307692307692308,10,2010,2,Underperformers
1,-3.4210526315789473,0.3157894736842105,7.388548116839587,-18.2,1.1999999999999993,3.3157894736842106,6.7368421052631575,-1.0317460317460316,19,2011,1,Volatile Drivers
2,-0.3,0.6,7.916929820187733,-11.2,8.0,12.4,12.7,-0.024193548387096774,10,2011,0,Consistent Climbers
3,-1.368421052631579,0.21052631578947367,5.251566182427967,-6.0,1.3999999999999986,7.578947368421052,8.947368421052632,-0.18055555555555558,19,2011,0,Consistent Climbers
4,0.21052631578947367,0.7894736842105263,5.105323445716257,-1.2,3.0,4.631578947368421,4.421052631578948,0.04545454545454545,19,2011,2,Underperformers
5,1.0526315789473684,0.631578947368421,3.93663257409068,-3.8,5.0,18.473684210526315,17.42105263157895,0.05698005698005698,19,2011,2,Underperformers
10,1.9473684210526316,0.7368421052631579,2.758294243640972,-2.0,6.0,21.210526315789473,19.263157894736842,0.09181141439205956,19,2011,2,Underperformers
13,-2.8947368421052633,0.21052631578947367,5.363402079962404,-14.0,1.1999999999999993,5.7894736842105265,8.68421052631579,-0.5,19,2011,1,Volatile Drivers
15,1.4444444444444444,0.6111111111111112,2.894664914514332,-2.0,5.300000000000001,19.555555555555557,18.11111111111111,0.07386363636363635,18,2011,2,Underperformers
16,0.6842105263157895,0.5263157894736842,4.61943516964463,-6.2,7.199999999999999,11.631578947368421,10.947368421052632,0.058823529411764705,19,2011,0,Consistent Climbers
17,-0.3684210526315789,0.3684210526315789,5.176984604057006,-2.2,1.1999999999999993,3.8421052631578947,4.2105263157894735,-0.0958904109589041,19,2011,0,Consistent Climbers
18,-0.42105263157894735,0.47368421052631576,5.852974452491696,-4.6,3.599999999999998,4.526315789473684,4.947368421052632,-0.09302325581395349,19,2011,0,Consistent Climbers
20,-1.4736842105263157,0.10526315789473684,5.2638011302842065,-1.2,0.1999999999999993,1.263157894736842,2.736842105263158,-1.1666666666666667,19,2011,1,Volatile Drivers
22,-0.05555555555555555,0.6111111111111112,4.0940735103923975,-4.8999999999999995,3.900000000000002,14.444444444444445,14.5,-0.003846153846153846,18,2011,0,Consistent Climbers
24,2.1666666666666665,0.6666666666666666,2.995094027788463,-1.0,5.900000000000002,22.61111111111111,20.444444444444443,0.09582309582309582,18,2011,2,Underperformers
30,-2.7222222222222223,0.5555555555555556,7.789929815855064,-13.6,4.600000000000001,9.555555555555555,12.277777777777779,-0.28488372093023256,18,2011,1,Volatile Drivers
39,2.7777777777777777,0.7777777777777778,3.153481321404083,0.0,6.6000000000000005,23.22222222222222,20.444444444444443,0.11961722488038277,9,2011,2,Underperformers
67,-0.15789473684210525,0.5789473684210527,6.635453244962387,-9.6,7.0,13.947368421052632,14.105263157894736,-0.011320754716981131,19,2011,0,Consistent Climbers
153,0.8947368421052632,0.631578947368421,7.837904601231869,-7.399999999999999,10.0,14.421052631578947,13.526315789473685,0.06204379562043796,19,2011,0,Consistent Climbers
155,0.6666666666666666,0.5555555555555556,6.398529242770422,-7.799999999999999,7.300000000000001,13.61111111111111,12.944444444444445,0.04897959183673469,18,2011,0,Consistent Climbers
808,-2.1578947368421053,0.3684210526315789,5.852474860117223,-10.2,3.3999999999999986,10.210526315789474,12.368421052631579,-0.211340206185567,19,2011,0,Consistent Climbers
811,-2.25,0.375,4.496029994816062,-8.0,2.3,11.625,13.875,-0.1935483870967742,8,2011,0,Consistent Climbers
813,-2.736842105263158,0.2631578947368421,4.331308568796346,-7.2,3.0,14.105263157894736,16.842105263157894,-0.19402985074626866,19,2011,0,Consistent Climbers
814,0.15789473684210525,0.5263157894736842,4.693531694372786,-7.4,4.0,11.842105263157896,11.68421052631579,0.013333333333333332,19,2011,0,Consistent Climbers
815,-0.6111111111111112,0.5555555555555556,6.3906078960491515,-9.6,5.600000000000001,13.61111111111111,14.222222222222221,-0.04489795918367347,18,2011,0,Consistent Climbers
816,3.473684210526316,0.8421052631578947,2.931977358041869,-0.19999999999999996,7.199999999999999,22.105263157894736,18.63157894736842,0.15714285714285714,19,2011,2,Underperformers
817,3.4545454545454546,0.8181818181818182,2.2522715805886446,0.0,5.0,22.727272727272727,19.272727272727273,0.152,11,2011,2,Underperformers
1,-6.55,0.15,8.475816992137723,-19.1,1.0,3.05,9.6,-2.1475409836065573,20,2012,1,Volatile Drivers
3,-1.5,0.3,6.013143498773508,-9.5,5.200000000000003,9.45,10.95,-0.15873015873015875,20,2012,0,Consistent Climbers
4,1.35,0.7,6.761150633933313,-3.3999999999999986,7.100000000000001,6.55,5.2,0.20610687022900764,20,2012,2,Underperformers
5,2.45,0.8,2.502104377476982,-0.09999999999999987,5.100000000000001,19.0,16.55,0.12894736842105264,20,2012,2,Underperformers
8,2.2,0.65,4.250077398676034,-1.0,7.200000000000003,7.65,5.45,0.28758169934640526,20,2012,2,Underperformers
10,3.789473684210526,0.8947368421052632,2.615741818902985,0.8,7.199999999999999,21.157894736842106,17.36842105263158,0.1791044776119403,19,2012,2,Underperformers
13,1.4,0.6,3.5894582496967127,-3.0,5.400000000000006,9.85,8.45,0.14213197969543148,20,2012,2,Underperformers
17,-2.2,0.4,7.466416035893837,-9.899999999999999,3.0,5.5,7.7,-0.4,20,2012,1,Volatile Drivers
18,-2.0,0.5,7.574194416083573,-13.1,5.200000000000003,6.55,8.55,-0.3053435114503817,20,2012,1,Volatile Drivers
20,-1.0,0.4,6.743417843388196,-6.099999999999998,6.0,4.25,5.25,-0.23529411764705882,20,2012,0,Consistent Climbers
30,-5.15,0.3,9.085992689733727,-16.2,7.100000000000001,9.05,14.2,-0.569060773480663,20,2012,1,Volatile Drivers
37,2.5,0.8,2.5443435716361726,-1.0,6.100000000000001,22.5,20.0,0.1111111111111111,20,2012,2,Underperformers
39,2.526315789473684,0.8421052631578947,1.9823785111334082,0.0,5.0,23.526315789473685,21.0,0.10738255033557045,19,2012,2,Underperformers
154,-5.157894736842105,0.3157894736842105,8.604024626073654,-17.2,4.0,7.684210526315789,12.842105263157896,-0.6712328767123288,19,2012,1,Volatile Drivers
155,-0.45,0.55,6.962115528456774,-9.2,7.200000000000003,11.8,12.25,-0.03813559322033898,20,2012,0,Consistent Climbers
807,0.10526315789473684,0.631578947368421,5.556725023109938,-5.8,4.599999999999998,10.68421052631579,10.578947368421053,0.009852216748768473,19,2012,0,Consistent Climbers
808,2.85,0.8,3.0482954684803594,-0.09999999999999987,6.100000000000001,19.8,16.95,0.14393939393939395,20,2012,2,Underperformers
811,1.45,0.65,4.893335962521403,-5.199999999999999,7.0,14.65,13.2,0.09897610921501707,20,2012,2,Underperformers
813,-5.35,0.35,7.583048963243437,-16.1,4.100000000000001,8.8,14.15,-0.6079545454545454,20,2012,1,Volatile Drivers
814,0.5,0.5,4.861232245775595,-4.3999999999999995,5.200000000000003,11.55,11.05,0.04329004329004329,20,2012,0,Consistent Climbers
815,-1.368421052631579,0.47368421052631576,9.476347903630558,-16.0,9.399999999999999,11.578947368421053,12.947368421052632,-0.11818181818181818,19,2012,1,Volatile Drivers
817,2.6,0.75,3.9256243217849405,-1.0999999999999999,7.0,14.9,12.3,0.174496644295302,20,2012,2,Underperformers
818,2.4,0.7,5.403702434442518,-5.199999999999999,9.0,16.75,14.35,0.14328358208955225,20,2012,2,Underperformers
819,3.45,0.85,3.1701734968294715,0.0,7.100000000000001,21.85,18.4,0.15789473684210525,20,2012,2,Underperformers
1,-2.736842105263158,0.15789473684210525,4.369618662018687,-5.199999999999999,1.0,3.210526315789474,5.947368421052632,-0.8524590163934426,19,2013,1,Volatile Drivers
3,-3.0,0.21052631578947367,5.868938953886337,-14.2,2.0,4.421052631578948,7.421052631578948,-0.6785714285714285,19,2013,1,Volatile Drivers
4,1.1578947368421053,0.631578947368421,5.852474860117221,-3.4,6.199999999999999,6.157894736842105,5.0,0.18803418803418803,19,2013,2,Underperformers
8,0.6470588235294118,0.5294117647058824,6.990539825995095,-8.2,7.4,7.294117647058823,6.647058823529412,0.08870967741935484,17,2013,0,Consistent Climbers
13,-0.5263157894736842,0.42105263157894735,5.103032007788568,-5.8,3.599999999999998,8.210526315789474,8.736842105263158,-0.0641025641025641,19,2013,0,Consistent Climbers
16,-0.7368421052631579,0.47368421052631576,5.576160619230941,-8.6,5.0,12.631578947368421,13.368421052631579,-0.05833333333333333,19,2013,0,Consistent Climbers
17,-2.5789473684210527,0.3684210526315789,6.318542285067588,-12.0,3.0,4.421052631578948,7.0,-0.5833333333333333,19,2013,1,Volatile Drivers
18,1.5263157894736843,0.6842105263157895,4.154895653892747,-2.4,6.0,10.631578947368421,9.105263157894736,0.14356435643564358,19,2013,2,Underperformers
20,-0.5789473684210527,0.3684210526315789,4.438665834005182,-1.2,1.0,2.0526315789473686,2.6315789473684212,-0.28205128205128205,19,2013,0,Consistent Climbers
154,-1.4210526315789473,0.5263157894736842,8.461125414201932,-15.2,6.399999999999999,8.157894736842104,9.578947368421053,-0.1741935483870968,19,2013,1,Volatile Drivers
807,-1.368421052631579,0.42105263157894735,5.144690103136432,-10.2,4.0,9.894736842105264,11.263157894736842,-0.13829787234042554,19,2013,0,Consistent Climbers
813,1.7894736842105263,0.6842105263157895,3.583588322220885,-3.2,6.0,16.42105263157895,14.631578947368421,0.10897435897435896,19,2013,2,Underperformers
814,-0.21052631578947367,0.5789473684210527,5.9308885166129395,-6.2,6.399999999999999,12.31578947368421,12.526315789473685,-0.017094017094017092,19,2013,0,Consistent Climbers
815,0.8421052631578947,0.5789473684210527,4.323876320241889,-4.4,6.0,11.0,10.157894736842104,0.07655502392344497,19,2013,0,Consistent Climbers
817,-2.6842105263157894,0.21052631578947367,4.65537480981747,-6.0,1.3999999999999986,10.68421052631579,13.368421052631579,-0.25123152709359603,19,2013,0,Consistent Climbers
818,-0.9473684210526315,0.5263157894736842,5.431121065064911,-8.2,6.0,13.68421052631579,14.631578947368421,-0.06923076923076922,19,2013,0,Consistent Climbers
819,2.210526315789474,0.6842105263157895,2.678700915834246,-0.19999999999999996,5.199999999999999,19.94736842105263,17.736842105263158,0.11081794195250662,19,2013,2,Underperformers
820,2.8947368421052633,0.8947368421052632,2.233451162118225,0.8,5.0,21.05263157894737,18.157894736842106,0.13749999999999998,19,2013,2,Underperformers
821,1.5789473684210527,0.5789473684210527,4.127358443278006,-4.0,6.199999999999999,15.736842105263158,14.157894736842104,0.10033444816053512,19,2013,2,Underperformers
822,0.6842105263157895,0.7368421052631579,4.595319255974223,-4.8,5.0,15.105263157894736,14.421052631578947,0.04529616724738676,19,2013,2,Underperformers
823,1.736842105263158,0.5789473684210527,2.684153192828811,-2.0,5.199999999999999,19.789473684210527,18.05263157894737,0.08776595744680851,19,2013,2,Underperformers
824,2.3157894736842106,0.7894736842105263,2.286497359595807,-0.19999999999999996,5.0,19.94736842105263,17.63157894736842,0.11609498680738788,19,2013,2,Underperformers
1,-0.15789473684210525,0.42105263157894735,8.845985642555844,-15.4,8.199999999999996,3.9473684210526314,4.105263157894737,-0.04,19,2014,1,Volatile Drivers
3,-2.6315789473684212,0.21052631578947367,6.300004641231002,-13.8,2.0,1.6842105263157894,4.315789473684211,-1.5625000000000002,19,2014,1,Volatile Drivers
4,-0.3157894736842105,0.631578947368421,6.2097828874101495,-5.199999999999999,2.1999999999999993,6.7894736842105265,7.105263157894737,-0.04651162790697674,19,2014,0,Consistent Climbers
8,-0.05263157894736842,0.3684210526315789,4.196211045038479,-4.4,4.199999999999999,9.789473684210526,9.842105263157896,-0.005376344086021506,19,2014,0,Consistent Climbers
13,-1.8421052631578947,0.42105263157894735,6.58502643118577,-9.4,6.199999999999999,7.684210526315789,9.526315789473685,-0.23972602739726026,19,2014,0,Consistent Climbers
16,-1.2105263157894737,0.2631578947368421,3.521031215242695,-6.4,3.0,15.210526315789474,16.42105263157895,-0.07958477508650519,19,2014,0,Consistent Climbers
18,0.3157894736842105,0.5789473684210527,4.5589061989685815,-5.4,5.199999999999999,8.368421052631579,8.052631578947368,0.03773584905660377,19,2014,0,Consistent Climbers
20,-0.2777777777777778,0.5,5.9685997525831755,-5.8999999999999995,6.0,7.055555555555555,7.333333333333333,-0.03937007874015748,18,2014,0,Consistent Climbers
154,0.15789473684210525,0.5263157894736842,4.844964830680024,-6.0,6.0,14.894736842105264,14.736842105263158,0.010600706713780918,19,2014,0,Consistent Climbers
155,1.875,0.5625,3.721558813185679,-1.5,7.0,19.375,17.5,0.0967741935483871,16,2014,2,Underperformers
807,2.1052631578947367,0.7894736842105263,4.532533469167416,-3.2,6.199999999999999,10.894736842105264,8.789473684210526,0.19323671497584538,19,2014,2,Underperformers
813,2.1052631578947367,0.6842105263157895,4.689168806256313,-4.0,7.199999999999999,17.68421052631579,15.578947368421053,0.11904761904761903,19,2014,2,Underperformers
815,0.9473684210526315,0.6842105263157895,5.285973937491203,-6.4,6.199999999999999,12.105263157894736,11.157894736842104,0.0782608695652174,19,2014,0,Consistent Climbers
817,-1.2222222222222223,0.3888888888888889,6.366784723266392,-9.6,4.300000000000001,5.0,6.222222222222222,-0.24444444444444446,18,2014,0,Consistent Climbers
818,-1.6842105263157894,0.2631578947368421,4.4603516500501685,-7.6,3.3999999999999986,11.263157894736842,12.947368421052632,-0.14953271028037382,19,2014,0,Consistent Climbers
820,2.5625,0.6875,3.365882747016994,-2.0,6.0,19.6875,17.125,0.13015873015873017,16,2014,2,Underperformers
821,-0.3157894736842105,0.3684210526315789,4.0831990668938785,-5.2,5.399999999999999,15.68421052631579,16.0,-0.020134228187919462,19,2014,0,Consistent Climbers
822,-0.10526315789473684,0.21052631578947367,4.875046858374289,-4.2,5.399999999999999,6.0,6.105263157894737,-0.017543859649122806,19,2014,0,Consistent Climbers
824,1.7333333333333334,0.6666666666666666,3.2616093018777153,-2.0,4.0,18.2,16.466666666666665,0.09523809523809525,15,2014,2,Underperformers
825,-1.736842105263158,0.2631578947368421,3.313978898597708,-5.4,2.1999999999999993,8.105263157894736,9.842105263157896,-0.2142857142857143,19,2014,0,Consistent Climbers
826,-3.1052631578947367,0.3157894736842105,6.017518285455347,-12.6,2.1999999999999993,10.526315789473685,13.631578947368421,-0.295,19,2014,1,Volatile Drivers
828,2.875,0.75,3.5566838487557484,-1.0,7.5,20.8125,17.9375,0.13813813813813813,16,2014,2,Underperformers
1,-1.0,0.15789473684210525,3.197221015541813,-2.5999999999999996,1.0,1.5789473684210527,2.5789473684210527,-0.6333333333333333,19,2015,0,Consistent Climbers
3,-1.7894736842105263,0.15789473684210525,4.9506334877290765,-7.3999999999999995,1.0,2.0526315789473686,3.8421052631578947,-0.8717948717948717,19,2015,1,Volatile Drivers
4,0.6666666666666666,0.4444444444444444,5.075894589365793,-5.3,6.300000000000001,15.555555555555555,14.88888888888889,0.04285714285714286,18,2015,0,Consistent Climbers
8,-1.0526315789473684,0.3684210526315789,4.835903732735041,-7.2,2.9999999999999964,6.894736842105263,7.947368421052632,-0.15267175572519084,19,2015,0,Consistent Climbers
13,-1.2105263157894737,0.42105263157894735,6.320855667887775,-10.4,4.599999999999994,7.7894736842105265,9.0,-0.1554054054054054,19,2015,0,Consistent Climbers
18,2.4705882352941178,0.5882352941176471,3.0642626979997885,-1.0,6.4,15.764705882352942,13.294117647058824,0.15671641791044777,17,2015,2,Underperformers
20,0.7894736842105263,0.5789473684210527,5.391134155757962,-3.0,4.599999999999994,4.894736842105263,4.105263157894737,0.16129032258064518,19,2015,0,Consistent Climbers
154,-1.3157894736842106,0.47368421052631576,4.89957630343853,-5.8,3.599999999999998,9.842105263157896,11.157894736842104,-0.13368983957219252,19,2015,0,Consistent Climbers
807,-1.894736842105263,0.3684210526315789,5.455830080871748,-9.0,3.3999999999999986,10.052631578947368,11.947368421052632,-0.18848167539267016,19,2015,0,Consistent Climbers
813,-1.4736842105263157,0.42105263157894735,6.248274615645076,-9.4,6.199999999999999,12.421052631578947,13.894736842105264,-0.11864406779661017,19,2015,0,Consistent Climbers
815,1.5789473684210527,0.6842105263157895,3.202703536314354,-1.4,5.199999999999999,10.68421052631579,9.105263157894736,0.1477832512315271,19,2015,2,Underperformers
817,-1.894736842105263,0.3157894736842105,4.581299389209054,-7.2,3.1999999999999993,7.2631578947368425,9.157894736842104,-0.2608695652173913,19,2015,0,Consistent Climbers
822,-1.894736842105263,0.42105263157894735,4.665413365538473,-7.4,3.0,6.105263157894737,8.0,-0.31034482758620685,19,2015,0,Consistent Climbers
826,-0.15789473684210525,0.3684210526315789,4.693531694372785,-4.6,6.399999999999999,8.68421052631579,8.842105263157896,-0.01818181818181818,19,2015,0,Consistent Climbers
828,1.5263157894736843,0.631578947368421,3.9912184306804743,-2.2,6.199999999999999,14.526315789473685,13.0,0.10507246376811594,19,2015,2,Underperformers
829,2.5294117647058822,0.8823529411764706,1.6627404735414788,0.6000000000000001,4.0,18.941176470588236,16.41176470588235,0.13354037267080746,17,2015,2,Underperformers
830,-0.15789473684210525,0.3157894736842105,4.549275374468833,-5.0,6.199999999999999,11.0,11.157894736842104,-0.014354066985645932,19,2015,0,Consistent Climbers
831,2.1052631578947367,0.5263157894736842,3.857096444536504,-2.0,7.0,14.210526315789474,12.105263157894736,0.14814814814814814,19,2015,2,Underperformers
832,-1.0555555555555556,0.3333333333333333,5.56747088237952,-7.0,5.600000000000001,11.38888888888889,12.444444444444445,-0.09268292682926829,18,2015,0,Consistent Climbers
833,3.6923076923076925,0.9230769230769231,2.1363760352762258,1.2000000000000002,5.800000000000001,19.384615384615383,15.692307692307692,0.1904761904761905,13,2015,2,Underperformers
834,3.4,0.8,2.6076809620810595,0.8,6.0,18.8,15.4,0.18085106382978722,5,2015,2,Underperformers
1,0.38095238095238093,0.3333333333333333,8.176039325224595,-2.0,8.0,4.142857142857143,3.761904761904762,0.09195402298850573,21,2016,0,Consistent Climbers
3,-1.5714285714285714,0.14285714285714285,4.478520163753073,-3.0,1.0,1.619047619047619,3.1904761904761907,-0.9705882352941176,21,2016,1,Volatile Drivers
4,0.15789473684210525,0.3157894736842105,5.727741050698752,-5.8,7.199999999999999,12.0,11.842105263157896,0.013157894736842105,19,2016,0,Consistent Climbers
8,-2.4761904761904763,0.38095238095238093,6.779520983218855,-14.0,3.0,5.0476190476190474,7.523809523809524,-0.4905660377358491,21,2016,1,Volatile Drivers
13,-0.8571428571428571,0.42857142857142855,5.406345478099919,-10.0,4.0,10.523809523809524,11.380952380952381,-0.08144796380090498,21,2016,0,Consistent Climbers
18,-0.8571428571428571,0.47619047619047616,6.35834659550511,-10.0,5.0,13.047619047619047,13.904761904761905,-0.06569343065693431,21,2016,0,Consistent Climbers
20,-2.0,0.47619047619047616,8.590692637965812,-17.0,2.0,5.285714285714286,7.285714285714286,-0.3783783783783784,21,2016,1,Volatile Drivers
154,-0.47619047619047616,0.5238095238095238,6.345226927534173,-7.0,7.0,13.380952380952381,13.857142857142858,-0.03558718861209964,21,2016,0,Consistent Climbers
807,-3.0476190476190474,0.3333333333333333,5.978931262995005,-13.0,3.0,8.285714285714286,11.333333333333334,-0.36781609195402293,21,2016,1,Volatile Drivers
815,0.8571428571428571,0.5714285714285714,2.5551069309466143,-2.0,5.0,9.428571428571429,8.571428571428571,0.0909090909090909,21,2016,2,Underperformers
817,-0.19047619047619047,0.38095238095238093,2.2938842084780044,-3.0,3.0,4.190476190476191,4.380952380952381,-0.04545454545454545,21,2016,0,Consistent Climbers
821,-1.1904761904761905,0.38095238095238093,3.8290866746398886,-6.0,3.0,13.857142857142858,15.047619047619047,-0.0859106529209622,21,2016,0,Consistent Climbers
822,-1.3333333333333333,0.3333333333333333,4.281744192888377,-8.0,3.0,8.333333333333334,9.666666666666666,-0.15999999999999998,21,2016,0,Consistent Climbers
825,1.95,0.65,4.661996409942396,-4.199999999999999,7.100000000000001,16.95,15.0,0.11504424778761062,20,2016,2,Underperformers
826,-0.7619047619047619,0.47619047619047616,5.412067644669289,-7.0,5.0,13.714285714285714,14.476190476190476,-0.05555555555555555,21,2016,0,Consistent Climbers
828,3.05,0.75,2.8372521918222215,-1.0,7.0,18.65,15.6,0.16353887399463807,20,2016,2,Underperformers
830,-0.7142857142857143,0.6190476190476191,5.292852323113286,-9.0,3.0,6.190476190476191,6.904761904761905,-0.11538461538461538,21,2016,0,Consistent Climbers
831,3.238095238095238,0.7619047619047619,4.0853979231497375,-1.0,8.0,19.238095238095237,16.0,0.16831683168316833,21,2016,2,Underperformers
832,-0.3333333333333333,0.38095238095238093,4.953113498935123,-7.0,7.0,11.714285714285714,12.047619047619047,-0.028455284552845527,21,2016,0,Consistent Climbers
835,1.3,0.5,4.0535884037934125,-3.0999999999999996,6.100000000000001,17.4,16.1,0.07471264367816093,20,2016,2,Underperformers
836,1.3333333333333333,0.7142857142857143,3.7991227057484376,-6.0,6.0,18.61904761904762,17.285714285714285,0.07161125319693094,21,2016,2,Underperformers
837,1.5,0.5833333333333334,2.15322168769582,-1.0,4.0,20.166666666666668,18.666666666666668,0.0743801652892562,12,2016,2,Underperformers
839,3.375,0.75,3.113908889391045,-0.29999999999999993,7.3,20.25,16.875,0.16666666666666666,8,2016,2,Underperformers
1,0.7,0.15,4.39018043029285,-1.2999999999999998,4.300000000000004,3.4,2.7,0.20588235294117646,20,2017,0,Consistent Climbers
4,-2.3684210526315788,0.2631578947368421,4.284474897370602,-7.2,2.3999999999999986,11.421052631578947,13.789473684210526,-0.2073732718894009,19,2017,0,Consistent Climbers
8,-3.0,0.3,6.513144603920516,-16.0,2.0,3.8,6.8,-0.7894736842105263,20,2017,1,Volatile Drivers
13,0.47368421052631576,0.5789473684210527,5.409543224222988,-7.2,6.399999999999999,10.68421052631579,10.210526315789474,0.04433497536945813,19,2017,0,Consistent Climbers
20,-0.85,0.3,6.682853156832751,-5.199999999999999,2.3000000000000043,3.3,4.15,-0.25757575757575757,20,2017,0,Consistent Climbers
154,1.6,0.7,4.8709666175692155,-3.0999999999999996,6.0,13.85,12.25,0.11552346570397112,20,2017,2,Underperformers
807,-2.85,0.25,4.522167621838006,-8.2,1.1000000000000014,9.55,12.4,-0.29842931937172773,20,2017,0,Consistent Climbers
815,1.05,0.7,4.999736835179691,-6.3,6.100000000000001,9.3,8.25,0.11290322580645161,20,2017,2,Underperformers
817,-1.9,0.55,8.226401656284862,-14.0,3.6000000000000085,6.1,8.0,-0.3114754098360656,20,2017,1,Volatile Drivers
822,-0.65,0.3,3.6458339598996954,-2.0999999999999996,2.1000000000000014,3.0,3.65,-0.21666666666666667,20,2017,0,Consistent Climbers
825,2.5,0.8,3.7766596212442605,-3.0,6.0,15.35,12.85,0.16286644951140067,20,2017,2,Underperformers
826,-0.7333333333333333,0.4,4.97804704487135,-7.199999999999999,3.799999999999999,12.666666666666666,13.4,-0.05789473684210526,15,2017,0,Consistent Climbers
828,2.8,0.8,2.706716791515818,-1.0,6.0,18.15,15.35,0.15426997245179064,20,2017,2,Underperformers
830,-3.95,0.4,8.562310312920038,-14.0,2.1000000000000014,5.35,9.3,-0.7383177570093459,20,2017,1,Volatile Drivers
832,-0.8,0.45,4.490926524964707,-7.0,4.100000000000001,11.45,12.25,-0.06986899563318778,20,2017,0,Consistent Climbers
835,0.4,0.5333333333333333,4.272837799067834,-3.0,5.0,14.333333333333334,13.933333333333334,0.027906976744186046,15,2017,0,Consistent Climbers
836,3.111111111111111,0.8333333333333334,2.323508728293809,0.0,6.300000000000001,17.88888888888889,14.777777777777779,0.17391304347826086,18,2017,2,Underperformers
838,-0.25,0.55,3.8644806282753947,-6.0,3.200000000000003,13.45,13.7,-0.01858736059479554,20,2017,0,Consistent Climbers
839,1.7,0.75,3.48077426353451,-1.2999999999999998,4.100000000000001,10.15,8.45,0.16748768472906403,20,2017,2,Underperformers
840,2.5,0.75,4.9043482318191245,-3.1999999999999997,8.0,14.9,12.4,0.16778523489932887,20,2017,2,Underperformers
1,-0.14285714285714285,0.23809523809523808,4.362175079999819,-1.0,1.0,2.4761904761904763,2.619047619047619,-0.05769230769230769,21,2018,0,Consistent Climbers
4,0.7142857142857143,0.5714285714285714,5.330505202538096,-5.0,6.0,13.380952380952381,12.666666666666666,0.05338078291814947,21,2018,0,Consistent Climbers
8,-2.142857142857143,0.2857142857142857,6.010704736432444,-13.0,3.0,3.857142857142857,6.0,-0.5555555555555556,21,2018,1,Volatile Drivers
20,-1.2380952380952381,0.3333333333333333,4.288411849446854,-4.0,2.0,2.619047619047619,3.857142857142857,-0.4727272727272727,21,2018,0,Consistent Climbers
154,-2.5238095238095237,0.23809523809523808,5.363012657257557,-9.0,3.0,10.047619047619047,12.571428571428571,-0.25118483412322273,21,2018,0,Consistent Climbers
807,-1.0476190476190477,0.5714285714285714,4.466275746930439,-9.0,3.0,10.80952380952381,11.857142857142858,-0.09691629955947137,21,2018,0,Consistent Climbers
815,0.8571428571428571,0.5714285714285714,5.072333923212414,-5.0,6.0,11.428571428571429,10.571428571428571,0.075,21,2018,0,Consistent Climbers
817,-2.0,0.5238095238095238,7.615773105863909,-13.0,6.0,7.190476190476191,9.19047619047619,-0.2781456953642384,21,2018,1,Volatile Drivers
822,-1.5714285714285714,0.23809523809523808,4.925154094761184,-5.0,1.0,3.5238095238095237,5.095238095238095,-0.44594594594594594,21,2018,0,Consistent Climbers
825,-0.8571428571428571,0.5714285714285714,4.508721706711497,-8.0,3.0,10.523809523809524,11.380952380952381,-0.08144796380090498,21,2018,0,Consistent Climbers
828,2.380952380952381,0.7142857142857143,5.5360291769118275,-3.0,8.0,15.571428571428571,13.19047619047619,0.1529051987767584,21,2018,2,Underperformers
830,0.47619047619047616,0.47619047619047616,6.185620806508006,-10.0,6.0,6.571428571428571,6.095238095238095,0.07246376811594203,21,2018,0,Consistent Climbers
832,0.047619047619047616,0.42857142857142855,3.980906812224955,-4.0,5.0,10.333333333333334,10.285714285714286,0.004608294930875575,21,2018,0,Consistent Climbers
838,3.9047619047619047,0.8095238095238095,3.7802746183943023,-2.0,8.0,16.761904761904763,12.857142857142858,0.23295454545454544,21,2018,2,Underperformers
839,-1.8571428571428572,0.3333333333333333,5.747048932153913,-11.0,5.0,9.952380952380953,11.80952380952381,-0.18660287081339713,21,2018,0,Consistent Climbers
840,3.0476190476190474,0.8095238095238095,3.383433026914978,-2.0,7.0,17.333333333333332,14.285714285714286,0.17582417582417584,21,2018,2,Underperformers
842,0.047619047619047616,0.6190476190476191,3.774601839614219,-6.0,5.0,12.904761904761905,12.857142857142858,0.0036900369003690036,21,2018,0,Consistent Climbers
843,0.38095238095238093,0.42857142857142855,4.97469788505986,-6.0,8.0,15.285714285714286,14.904761904761905,0.0249221183800623,21,2018,0,Consistent Climbers
844,0.09523809523809523,0.5238095238095238,5.0587030146546645,-6.0,6.0,12.476190476190476,12.380952380952381,0.007633587786259542,21,2018,0,Consistent Climbers
845,1.4285714285714286,0.6666666666666666,3.8932175455711255,-3.0,5.0,16.952380952380953,15.523809523809524,0.08426966292134831,21,2018,2,Underperformers
1,-0.09523809523809523,0.5238095238095238,2.527939119218695,-3.0,2.0,2.2857142857142856,2.380952380952381,-0.041666666666666664,21,2019,0,Consistent Climbers
8,0.7142857142857143,0.6190476190476191,4.702582876918355,-5.0,5.0,12.333333333333334,11.619047619047619,0.05791505791505791,21,2019,0,Consistent Climbers
9,2.5238095238095237,0.9523809523809523,1.8606194564995722,1.0,4.0,19.523809523809526,17.0,0.1292682926829268,21,2019,2,Underperformers
20,-2.0476190476190474,0.3333333333333333,7.940253084607509,-15.0,2.0,4.380952380952381,6.428571428571429,-0.467391304347826,21,2019,1,Volatile Drivers
154,-3.0952380952380953,0.23809523809523808,4.968951216351011,-11.0,1.0,11.952380952380953,15.047619047619047,-0.2589641434262948,21,2019,1,Volatile Drivers
807,-0.8095238095238095,0.3333333333333333,3.802881113301435,-5.0,3.0,11.0,11.80952380952381,-0.0735930735930736,21,2019,0,Consistent Climbers
815,2.5238095238095237,0.7142857142857143,5.510163769063925,-3.0,9.0,13.333333333333334,10.80952380952381,0.18928571428571428,21,2019,2,Underperformers
817,-1.619047619047619,0.3333333333333333,4.852588901567806,-8.0,5.0,10.523809523809524,12.142857142857142,-0.15384615384615385,21,2019,0,Consistent Climbers
822,-1.0952380952380953,0.42857142857142855,4.592436846650827,-6.0,2.0,3.0,4.095238095238095,-0.3650793650793651,21,2019,0,Consistent Climbers
825,-2.0952380952380953,0.38095238095238093,4.77393717915058,-7.0,4.0,11.666666666666666,13.761904761904763,-0.1795918367346939,21,2019,0,Consistent Climbers
826,1.7619047619047619,0.6666666666666666,5.9321561164956025,-6.0,8.0,13.619047619047619,11.857142857142858,0.12937062937062938,21,2019,2,Underperformers
830,-0.42857142857142855,0.47619047619047616,5.518799041199349,-5.0,2.0,4.571428571428571,5.0,-0.09375,21,2019,0,Consistent Climbers
832,0.23809523809523808,0.42857142857142855,6.4568162580699315,-6.0,7.0,10.285714285714286,10.047619047619047,0.023148148148148147,21,2019,0,Consistent Climbers
840,2.9047619047619047,0.8095238095238095,4.023739080814783,-2.0,7.0,15.666666666666666,12.761904761904763,0.18541033434650456,21,2019,2,Underperformers
841,-0.8,0.4,3.664911860791255,-4.199999999999999,2.3000000000000043,13.0,13.8,-0.06153846153846154,20,2019,0,Consistent Climbers
842,0.5238095238095238,0.5238095238095238,4.3083529059148304,-6.0,5.0,9.857142857142858,9.333333333333334,0.05314009661835749,21,2019,0,Consistent Climbers
844,-1.5714285714285714,0.09523809523809523,3.585685828003181,-4.0,0.0,4.0,5.571428571428571,-0.39285714285714285,21,2019,0,Consistent Climbers
846,-1.9047619047619047,0.3333333333333333,4.5266407180685535,-9.0,3.0,9.428571428571429,11.333333333333334,-0.20202020202020202,21,2019,0,Consistent Climbers
847,2.4761904761904763,0.8095238095238095,2.1821789023599236,0.0,5.0,18.285714285714285,15.80952380952381,0.13541666666666669,21,2019,2,Underperformers
848,1.25,0.55,5.199949392466289,-4.1,9.200000000000003,10.55,9.3,0.11848341232227487,20,2019,2,Underperformers
1,-0.1875,0.1875,2.166987155784116,-2.0,1.0,1.6875,1.875,-0.1111111111111111,16,2020,0,Consistent Climbers
8,3.588235294117647,0.8823529411764706,3.536573615970191,0.6000000000000001,6.4,16.647058823529413,13.058823529411764,0.21554770318021202,17,2020,2,Underperformers
20,0.7058823529411765,0.5294117647058824,3.9963218383025807,-2.4,4.4,12.235294117647058,11.529411764705882,0.0576923076923077,17,2020,0,Consistent Climbers
154,1.6666666666666667,0.6666666666666666,2.870208222079931,-1.5999999999999999,5.799999999999999,17.0,15.333333333333334,0.09803921568627451,15,2020,2,Underperformers
815,-0.3333333333333333,0.4,5.5763104374880434,-5.6,5.0,7.066666666666666,7.4,-0.04716981132075471,15,2020,0,Consistent Climbers
817,0.23529411764705882,0.6470588235294118,4.161271016238696,-6.6,4.0,7.705882352941177,7.470588235294118,0.030534351145038167,17,2020,0,Consistent Climbers
822,-2.8823529411764706,0.11764705882352941,4.98600983930508,-7.8,0.8000000000000007,2.2941176470588234,5.176470588235294,-1.2564102564102564,17,2020,1,Volatile Drivers
825,0.9411764705882353,0.5882352941176471,3.009787954227301,-3.0,4.800000000000001,16.88235294117647,15.941176470588236,0.05574912891986063,17,2020,2,Underperformers
826,1.0588235294117647,0.5294117647058824,3.6991652476486863,-4.0,5.0,12.117647058823529,11.058823529411764,0.08737864077669903,17,2020,0,Consistent Climbers
830,-4.0,0.35294117647058826,7.599342076785331,-16.0,1.8000000000000007,3.1176470588235294,7.117647058823529,-1.2830188679245282,17,2020,1,Volatile Drivers
832,-0.6470588235294118,0.5294117647058824,6.660904372442493,-10.6,6.200000000000001,8.294117647058824,8.941176470588236,-0.07801418439716312,17,2020,0,Consistent Climbers
839,-0.47058823529411764,0.5294117647058824,5.81074056229952,-8.6,4.800000000000001,9.941176470588236,10.411764705882353,-0.047337278106508875,17,2020,0,Consistent Climbers
840,-1.8125,0.3125,5.205365821278399,-8.0,5.5,8.625,10.4375,-0.21014492753623187,16,2020,0,Consistent Climbers
841,2.235294117647059,0.7058823529411765,4.465554441565821,-0.7999999999999998,7.200000000000001,16.88235294117647,14.647058823529411,0.13240418118466898,17,2020,2,Underperformers
842,-0.23529411764705882,0.5882352941176471,6.33965113161507,-8.2,5.4,10.117647058823529,10.352941176470589,-0.023255813953488372,17,2020,0,Consistent Climbers
844,-1.588235294117647,0.4117647058823529,6.4134509385491105,-9.2,5.0,8.294117647058824,9.882352941176471,-0.19148936170212763,17,2020,0,Consistent Climbers
846,-0.058823529411764705,0.5882352941176471,4.099856525466686,-5.8,5.0,8.235294117647058,8.294117647058824,-0.0071428571428571435,17,2020,0,Consistent Climbers
847,-0.5294117647058824,0.47058823529411764,4.032952501871668,-4.8,3.8000000000000007,14.764705882352942,15.294117647058824,-0.03585657370517928,17,2020,0,Consistent Climbers
848,-1.1176470588235294,0.47058823529411764,5.577660272699212,-8.4,4.800000000000001,7.176470588235294,8.294117647058824,-0.1557377049180328,17,2020,0,Consistent Climbers
849,3.1176470588235294,0.8235294117647058,3.5861252233639385,-1.0,8.4,18.88235294117647,15.764705882352942,0.16510903426791276,17,2020,2,Underperformers
1,-1.2727272727272727,0.18181818181818182,4.300407712474073,-3.6999999999999997,1.0,2.1363636363636362,3.409090909090909,-0.5957446808510638,22,2021,0,Consistent Climbers
4,1.0909090909090908,0.6818181818181818,4.770036347162017,-6.699999999999999,5.0,11.0,9.909090909090908,0.09917355371900825,22,2021,0,Consistent Climbers
8,2.55,0.8,3.2359005904970175,-1.1999999999999997,7.0,15.75,13.2,0.16190476190476188,20,2021,2,Underperformers
20,-0.2727272727272727,0.5,4.832250961058351,-8.8,4.0,11.772727272727273,12.045454545454545,-0.02316602316602316,22,2021,0,Consistent Climbers
815,-1.1363636363636365,0.5,6.95081670121237,-11.9,6.0,6.409090909090909,7.545454545454546,-0.1773049645390071,22,2021,0,Consistent Climbers
817,1.0454545454545454,0.5454545454545454,3.7730532378871535,-1.9,5.800000000000004,9.636363636363637,8.590909090909092,0.10849056603773584,22,2021,2,Underperformers
822,-3.6363636363636362,0.13636363636363635,6.1531676282604115,-14.0,0.9000000000000021,3.772727272727273,7.409090909090909,-0.9638554216867469,22,2021,1,Volatile Drivers
830,-1.3181818181818181,0.3181818181818182,7.266271485342486,-14.1,1.9000000000000021,2.8181818181818183,4.136363636363637,-0.46774193548387094,22,2021,1,Volatile Drivers
832,1.6363636363636365,0.5,4.381187646609672,-2.8,6.900000000000002,8.136363636363637,6.5,0.2011173184357542,22,2021,2,Underperformers
839,0.4090909090909091,0.5454545454545454,4.031531564213128,-4.0,4.0,11.0,10.590909090909092,0.0371900826446281,22,2021,0,Consistent Climbers
840,1.5454545454545454,0.5,4.30644337539164,-3.9,6.900000000000002,13.5,11.954545454545455,0.11447811447811447,22,2021,2,Underperformers
841,0.9545454545454546,0.5909090909090909,3.3162984633225485,-2.9,3.0,14.045454545454545,13.090909090909092,0.0679611650485437,22,2021,0,Consistent Climbers
842,-2.5454545454545454,0.22727272727272727,5.404823883543405,-11.9,1.0,6.818181818181818,9.363636363636363,-0.3733333333333333,22,2021,1,Volatile Drivers
844,-1.0909090909090908,0.4090909090909091,5.588330450987776,-8.399999999999999,3.900000000000002,6.636363636363637,7.7272727272727275,-0.1643835616438356,22,2021,0,Consistent Climbers
846,-0.4090909090909091,0.5,3.3189081811872283,-4.0,3.0,6.590909090909091,7.0,-0.062068965517241385,22,2021,0,Consistent Climbers
847,-1.2727272727272727,0.36363636363636365,4.388098820151074,-6.9,4.700000000000006,12.636363636363637,13.909090909090908,-0.10071942446043165,22,2021,0,Consistent Climbers
849,0.8636363636363636,0.45454545454545453,3.602848800674194,-2.0,4.0,16.40909090909091,15.545454545454545,0.05263157894736842,22,2021,0,Consistent Climbers
852,-0.36363636363636365,0.4090909090909091,5.223987298036174,-5.0,6.900000000000002,12.818181818181818,13.181818181818182,-0.028368794326241134,22,2021,0,Consistent Climbers
853,1.7272727272727273,0.7727272727272727,1.6382865085151266,0.0,3.900000000000002,19.59090909090909,17.863636363636363,0.08816705336426915,22,2021,2,Underperformers
854,1.3333333333333333,0.7142857142857143,3.0055504210266264,-3.0,4.0,18.19047619047619,16.857142857142858,0.07329842931937172,21,2021,2,Underperformers
1,0.36363636363636365,0.6363636363636364,5.0666552745372035,-5.3999999999999995,5.900000000000002,6.409090909090909,6.045454545454546,0.05673758865248227,22,2022,0,Consistent Climbers
4,-2.590909090909091,0.36363636363636365,6.184920917299328,-9.9,2.900000000000002,8.272727272727273,10.863636363636363,-0.31318681318681313,22,2022,1,Volatile Drivers
20,2.9,0.75,3.5967821876314887,-1.1999999999999997,8.0,14.35,11.45,0.20209059233449478,20,2022,2,Underperformers
815,-0.4090909090909091,0.5,4.338741214301139,-6.6,2.900000000000002,5.0,5.409090909090909,-0.08181818181818182,22,2022,0,Consistent Climbers
817,-0.36363636363636365,0.5454545454545454,5.341173890460647,-6.0,4.0,12.136363636363637,12.5,-0.0299625468164794,22,2022,0,Consistent Climbers
822,-0.4090909090909091,0.5,4.972870119904322,-6.8,4.0,11.681818181818182,12.090909090909092,-0.03501945525291829,22,2022,0,Consistent Climbers
825,-1.7727272727272727,0.4090909090909091,6.156156950425191,-8.9,3.900000000000002,12.363636363636363,14.136363636363637,-0.14338235294117646,22,2022,0,Consistent Climbers
830,-0.9090909090909091,0.45454545454545453,5.672902095208252,-4.9,2.0,2.590909090909091,3.5,-0.3508771929824561,22,2022,0,Consistent Climbers
832,-4.045454545454546,0.22727272727272727,6.952062199892118,-15.9,1.0,3.8181818181818183,7.863636363636363,-1.0595238095238095,22,2022,1,Volatile Drivers
839,1.8181818181818181,0.6363636363636364,3.5272593385741344,-2.0,5.0,10.681818181818182,8.863636363636363,0.1702127659574468,22,2022,2,Underperformers
840,3.727272727272727,0.8181818181818182,4.222184248329273,0.0,7.900000000000002,15.772727272727273,12.045454545454545,0.23631123919308356,22,2022,2,Underperformers
842,0.045454545454545456,0.5909090909090909,4.6340075500613915,-5.0,4.900000000000002,12.5,12.454545454545455,0.0036363636363636364,22,2022,0,Consistent Climbers
844,-2.5,0.22727272727272727,7.089563086813231,-16.599999999999998,1.0,3.0,5.5,-0.8333333333333334,22,2022,1,Volatile Drivers
846,-0.7272727272727273,0.3181818181818182,4.537482186052589,-2.9,2.900000000000002,8.045454545454545,8.772727272727273,-0.09039548022598871,22,2022,0,Consistent Climbers
847,1.4545454545454546,0.7272727272727273,3.6609558045129966,-2.0,4.900000000000002,6.454545454545454,5.0,0.22535211267605637,22,2022,2,Underperformers
848,1.6666666666666667,0.5714285714285714,4.102844541697057,-4.0,7.0,15.571428571428571,13.904761904761905,0.10703363914373089,21,2022,2,Underperformers
849,2.3636363636363638,0.8181818181818182,2.592029073643797,0.0,4.0,18.59090909090909,16.227272727272727,0.1271393643031785,22,2022,2,Underperformers
852,-0.8636363636363636,0.45454545454545453,5.505801741241036,-6.9,5.900000000000002,13.727272727272727,14.590909090909092,-0.06291390728476821,22,2022,0,Consistent Climbers
854,0.045454545454545456,0.45454545454545453,5.40262081663258,-5.0,6.900000000000002,14.454545454545455,14.409090909090908,0.0031446540880503146,22,2022,0,Consistent Climbers
855,0.09090909090909091,0.5,3.8409955419457016,-4.0,4.0,14.409090909090908,14.318181818181818,0.006309148264984228,22,2022,0,Consistent Climbers
1,0.18181818181818182,0.6818181818181818,5.892985043869764,-3.0,4.0,6.363636363636363,6.181818181818182,0.028571428571428574,22,2023,0,Consistent Climbers
4,0.36363636363636365,0.6363636363636364,2.6465692895386295,-1.9,2.0,7.0,6.636363636363637,0.05194805194805195,22,2023,0,Consistent Climbers
807,-2.409090909090909,0.2727272727272727,4.747521568035372,-7.0,3.0,12.136363636363637,14.545454545454545,-0.19850187265917604,22,2023,0,Consistent Climbers
815,3.227272727272727,0.7727272727272727,6.94146833774978,-0.8999999999999999,9.900000000000002,9.090909090909092,5.863636363636363,0.3549999999999999,22,2023,2,Underperformers
817,1.2857142857142858,0.5714285714285714,2.563479777846623,-1.1999999999999997,4.0,14.0,12.714285714285714,0.09183673469387756,7,2023,2,Underperformers
822,-0.09090909090909091,0.5,4.31949171292279,-4.9,4.900000000000002,13.863636363636363,13.954545454545455,-0.006557377049180328,22,2023,0,Consistent Climbers
825,-0.45454545454545453,0.4090909090909091,3.127866650538316,-4.0,3.900000000000002,15.136363636363637,15.590909090909092,-0.03003003003003003,22,2023,0,Consistent Climbers
830,1.7272727272727273,0.36363636363636365,3.369072476312932,0.0,5.900000000000002,3.0,1.2727272727272727,0.5757575757575758,22,2023,2,Underperformers
832,-2.1363636363636362,0.22727272727272727,3.894996235042554,-6.8,1.9000000000000021,5.363636363636363,7.5,-0.3983050847457627,22,2023,0,Consistent Climbers
839,-0.6818181818181818,0.36363636363636365,5.907109224818803,-8.8,6.900000000000002,11.181818181818182,11.863636363636363,-0.06097560975609756,22,2023,0,Consistent Climbers
840,1.2727272727272727,0.5909090909090909,5.266080300527303,-2.9,6.0,12.454545454545455,11.181818181818182,0.10218978102189781,22,2023,2,Underperformers
842,0.36363636363636365,0.5,5.132023220686198,-5.9,6.0,11.045454545454545,10.681818181818182,0.03292181069958848,22,2023,0,Consistent Climbers
844,-3.772727272727273,0.09090909090909091,7.177556409901354,-15.7,0.0,4.454545454545454,8.227272727272727,-0.8469387755102042,22,2023,1,Volatile Drivers
846,0.13636363636363635,0.45454545454545453,5.540289269957409,-5.9,6.800000000000004,8.136363636363637,8.0,0.01675977653631285,22,2023,0,Consistent Climbers
847,-1.5909090909090908,0.5,7.449251102717775,-14.0,3.900000000000002,6.5,8.090909090909092,-0.24475524475524474,22,2023,1,Volatile Drivers
848,0.0,0.45454545454545453,4.3534332373864375,-4.0,5.0,12.409090909090908,12.409090909090908,0.0,22,2023,0,Consistent Climbers
852,0.2727272727272727,0.5909090909090909,4.014044607693606,-4.0,4.800000000000004,13.454545454545455,13.181818181818182,0.020270270270270268,22,2023,0,Consistent Climbers
855,1.8636363636363635,0.6363636363636364,4.892126371313442,-3.0,6.900000000000002,15.909090909090908,14.045454545454545,0.11714285714285715,22,2023,2,Underperformers
856,1.1,0.4,2.378141197564929,-0.2999999999999998,4.1,17.0,15.9,0.06470588235294118,10,2023,0,Consistent Climbers
857,-1.0454545454545454,0.22727272727272727,5.349475031896412,-5.9,7.6000000000000085,9.863636363636363,10.909090909090908,-0.10599078341013825,22,2023,0,Consistent Climbers
858,1.4090909090909092,0.6363636363636364,4.615286101734735,-2.0,4.900000000000002,17.227272727272727,15.818181818181818,0.08179419525065963,22,2023,2,Underperformers
859,2.0,0.8,2.8284271247461903,0.4,4.6000000000000005,14.2,12.2,0.14084507042253522,5,2023,2,Underperformers
1,1.5416666666666667,0.625,4.539480593412755,-2.6999999999999997,7.399999999999999,8.5,6.958333333333333,0.18137254901960786,24,2024,2,Underperformers
4,-0.5,0.3333333333333333,3.2570992696222683,-4.699999999999999,4.099999999999998,9.666666666666666,10.166666666666666,-0.05172413793103449,24,2024,0,Consistent Climbers
807,0.08333333333333333,0.5,3.9333210513195622,-5.3999999999999995,4.699999999999999,11.708333333333334,11.625,0.0071174377224199285,24,2024,0,Consistent Climbers
815,-0.2916666666666667,0.4583333333333333,4.759239678650422,-6.799999999999999,3.0,9.333333333333334,9.625,-0.03125,24,2024,0,Consistent Climbers
817,-0.16666666666666666,0.5555555555555556,3.666221006784539,-4.6,3.0,13.222222222222221,13.38888888888889,-0.012605042016806723,18,2024,0,Consistent Climbers
822,-0.625,0.4583333333333333,3.6808848180129545,-4.0,3.0,15.208333333333334,15.833333333333334,-0.0410958904109589,24,2024,0,Consistent Climbers
825,0.9090909090909091,0.5454545454545454,3.1306334504163527,-3.8,4.900000000000002,14.272727272727273,13.363636363636363,0.06369426751592357,22,2024,0,Consistent Climbers
830,-0.7083333333333334,0.25,4.610754598871479,-3.6999999999999997,1.0,2.9166666666666665,3.625,-0.24285714285714288,24,2024,0,Consistent Climbers
832,-0.17391304347826086,0.5652173913043478,3.7374295239696913,-2.0,2.0,5.521739130434782,5.695652173913044,-0.031496062992125984,23,2024,0,Consistent Climbers
839,0.6956521739130435,0.6086956521739131,3.4435022157509096,-4.3999999999999995,4.0,14.391304347826088,13.695652173913043,0.048338368580060416,23,2024,0,Consistent Climbers
840,-0.5,0.4583333333333333,4.1807010021723885,-5.699999999999999,4.0,12.875,13.375,-0.038834951456310676,24,2024,0,Consistent Climbers
842,0.5416666666666666,0.4166666666666667,5.266623096499284,-2.0,6.0,13.416666666666666,12.875,0.040372670807453416,24,2024,0,Consistent Climbers
844,0.7916666666666666,0.5416666666666666,3.6113247800034087,-2.6999999999999997,3.6999999999999993,5.333333333333333,4.541666666666667,0.1484375,24,2024,0,Consistent Climbers
846,-0.75,0.3333333333333333,5.006517491361071,-4.3999999999999995,1.6999999999999993,3.5416666666666665,4.291666666666667,-0.21176470588235294,24,2024,0,Consistent Climbers
847,-1.5833333333333333,0.2916666666666667,5.42872125760327,-8.2,2.0,5.166666666666667,6.75,-0.30645161290322576,24,2024,0,Consistent Climbers
848,-1.5833333333333333,0.375,4.442058538332315,-8.399999999999999,2.6999999999999993,12.958333333333334,14.541666666666666,-0.12218649517684886,24,2024,0,Consistent Climbers
852,-2.0416666666666665,0.25,3.3032153856595503,-6.0,1.6999999999999993,11.125,13.166666666666666,-0.1835205992509363,24,2024,0,Consistent Climbers
855,2.5833333333333335,0.8333333333333334,2.5352586124267598,-0.6999999999999997,5.0,18.083333333333332,15.5,0.14285714285714288,24,2024,2,Underperformers
857,0.2916666666666667,0.5,3.45755840802835,-2.6999999999999997,3.6999999999999993,5.416666666666667,5.125,0.05384615384615385,24,2024,0,Consistent Climbers
858,0.5,0.5714285714285714,3.275785284595013,-3.0,3.700000000000001,17.642857142857142,17.142857142857142,0.02834008097165992,14,2024,0,Consistent Climbers
859,-0.8333333333333334,0.3333333333333333,4.445971959725641,-4.5,4.5,12.666666666666666,13.5,-0.06578947368421054,6,2024,0,Consistent Climbers
861,2.2222222222222223,0.6666666666666666,2.7284509239574835,0.0,6.2,15.777777777777779,13.555555555555555,0.14084507042253522,9,2024,2,Underperformers
